syn:sll0018	path:syn00010
syn:sll0542	path:syn00010
syn:sll0587	path:syn00010
syn:sll0593	path:syn00010
syn:sll0726	path:syn00010
syn:sll0741	path:syn00010
syn:sll0745	path:syn00010
syn:sll0990	path:syn00010
syn:sll1196	path:syn00010
syn:sll1275	path:syn00010
syn:sll1342	path:syn00010
syn:sll1721	path:syn00010
syn:sll1841	path:syn00010
syn:slr0091	path:syn00010
syn:slr0301	path:syn00010
syn:slr0329	path:syn00010
syn:slr0394	path:syn00010
syn:slr0752	path:syn00010
syn:slr0783	path:syn00010
syn:slr0884	path:syn00010
syn:slr0942	path:syn00010
syn:slr0943	path:syn00010
syn:slr0952	path:syn00010
syn:slr1096	path:syn00010
syn:slr1192	path:syn00010
syn:slr1349	path:syn00010
syn:slr1934	path:syn00010
syn:slr1945	path:syn00010
syn:slr2094	path:syn00010
syn:sll0401	path:syn00020
syn:sll0741	path:syn00020
syn:sll0823	path:syn00020
syn:sll0891	path:syn00020
syn:sll1023	path:syn00020
syn:sll1557	path:syn00020
syn:sll1625	path:syn00020
syn:sll1721	path:syn00020
syn:sll1841	path:syn00020
syn:slr0018	path:syn00020
syn:slr0201	path:syn00020
syn:slr0665	path:syn00020
syn:slr1096	path:syn00020
syn:slr1233	path:syn00020
syn:slr1289	path:syn00020
syn:slr1934	path:syn00020
syn:sll0018	path:syn00030
syn:sll0107	path:syn00030
syn:sll0329	path:syn00030
syn:sll0469	path:syn00030
syn:sll0726	path:syn00030
syn:sll0745	path:syn00030
syn:sll0807	path:syn00030
syn:sll1070	path:syn00030
syn:sll1196	path:syn00030
syn:sll1479	path:syn00030
syn:sll1709	path:syn00030
syn:sll1776	path:syn00030
syn:slr0194	path:syn00030
syn:slr0453	path:syn00030
syn:slr0943	path:syn00030
syn:slr0952	path:syn00030
syn:slr1349	path:syn00030
syn:slr1793	path:syn00030
syn:slr1843	path:syn00030
syn:slr2094	path:syn00030
syn:ssl2153	path:syn00030
syn:sll0807	path:syn00040
syn:slr0942	path:syn00040
syn:slr1299	path:syn00040
syn:slr1420	path:syn00040
syn:sll0018	path:syn00051
syn:sll0745	path:syn00051
syn:sll1196	path:syn00051
syn:sll1212	path:syn00051
syn:sll1213	path:syn00051
syn:sll1370	path:syn00051
syn:sll1496	path:syn00051
syn:sll1558	path:syn00051
syn:slr0493	path:syn00051
syn:slr0783	path:syn00051
syn:slr0943	path:syn00051
syn:slr0952	path:syn00051
syn:slr1072	path:syn00051
syn:slr1448	path:syn00051
syn:slr2074	path:syn00051
syn:slr2094	path:syn00051
syn:ssl2153	path:syn00051
syn:sll0244	path:syn00052
syn:sll0593	path:syn00052
syn:sll0726	path:syn00052
syn:sll0745	path:syn00052
syn:sll1196	path:syn00052
syn:slr0329	path:syn00052
syn:slr1067	path:syn00052
syn:slr1078	path:syn00052
syn:slr0091	path:syn00053
syn:slr0942	path:syn00053
syn:slr1299	path:syn00053
syn:sll0053	path:syn00061
syn:sll0336	path:syn00061
syn:sll0728	path:syn00061
syn:sll1069	path:syn00061
syn:sll1605	path:syn00061
syn:sll5079	path:syn00061
syn:slr0435	path:syn00061
syn:slr0886	path:syn00061
syn:slr1051	path:syn00061
syn:slr1332	path:syn00061
syn:slr1511	path:syn00061
syn:slr1609	path:syn00061
syn:slr2023	path:syn00061
syn:sll0990	path:syn00071
syn:slr0091	path:syn00071
syn:slr1609	path:syn00071
syn:slr1993	path:syn00071
syn:sll0513	path:syn00100
syn:sll0409	path:syn00130
syn:sll0418	path:syn00130
syn:sll0603	path:syn00130
syn:sll0936	path:syn00130
syn:sll1127	path:syn00130
syn:sll1653	path:syn00130
syn:sll1797	path:syn00130
syn:slr0089	path:syn00130
syn:slr0090	path:syn00130
syn:slr0204	path:syn00130
syn:slr0492	path:syn00130
syn:slr0817	path:syn00130
syn:slr0926	path:syn00130
syn:slr1099	path:syn00130
syn:slr1300	path:syn00130
syn:slr1518	path:syn00130
syn:slr1736	path:syn00130
syn:slr1737	path:syn00130
syn:slr1743	path:syn00130
syn:sll0026	path:syn00190
syn:sll0027	path:syn00190
syn:sll0223	path:syn00190
syn:sll0290	path:syn00190
syn:sll0519	path:syn00190
syn:sll0520	path:syn00190
syn:sll0521	path:syn00190
syn:sll0522	path:syn00190
syn:sll0813	path:syn00190
syn:sll0823	path:syn00190
syn:sll1220	path:syn00190
syn:sll1221	path:syn00190
syn:sll1223	path:syn00190
syn:sll1262	path:syn00190
syn:sll1322	path:syn00190
syn:sll1323	path:syn00190
syn:sll1324	path:syn00190
syn:sll1325	path:syn00190
syn:sll1326	path:syn00190
syn:sll1327	path:syn00190
syn:sll1484	path:syn00190
syn:sll1625	path:syn00190
syn:sll1732	path:syn00190
syn:sll1733	path:syn00190
syn:sll1898	path:syn00190
syn:sll1899	path:syn00190
syn:slr0201	path:syn00190
syn:slr0261	path:syn00190
syn:slr0331	path:syn00190
syn:slr0844	path:syn00190
syn:slr0851	path:syn00190
syn:slr1136	path:syn00190
syn:slr1137	path:syn00190
syn:slr1138	path:syn00190
syn:slr1233	path:syn00190
syn:slr1279	path:syn00190
syn:slr1280	path:syn00190
syn:slr1281	path:syn00190
syn:slr1291	path:syn00190
syn:slr1329	path:syn00190
syn:slr1330	path:syn00190
syn:slr1379	path:syn00190
syn:slr1380	path:syn00190
syn:slr1622	path:syn00190
syn:slr1623	path:syn00190
syn:slr2082	path:syn00190
syn:slr2083	path:syn00190
syn:ssl2615	path:syn00190
syn:ssr1386	path:syn00190
syn:sll0199	path:syn00195
syn:sll0258	path:syn00195
syn:sll0427	path:syn00195
syn:sll0629	path:syn00195
syn:sll0819	path:syn00195
syn:sll0849	path:syn00195
syn:sll0851	path:syn00195
syn:sll1182	path:syn00195
syn:sll1194	path:syn00195
syn:sll1281	path:syn00195
syn:sll1316	path:syn00195
syn:sll1317	path:syn00195
syn:sll1322	path:syn00195
syn:sll1323	path:syn00195
syn:sll1324	path:syn00195
syn:sll1325	path:syn00195
syn:sll1326	path:syn00195
syn:sll1327	path:syn00195
syn:sll1382	path:syn00195
syn:sll1398	path:syn00195
syn:sll1418	path:syn00195
syn:sll1796	path:syn00195
syn:sll1867	path:syn00195
syn:slr0150	path:syn00195
syn:slr0342	path:syn00195
syn:slr0343	path:syn00195
syn:slr0737	path:syn00195
syn:slr0906	path:syn00195
syn:slr0927	path:syn00195
syn:slr1181	path:syn00195
syn:slr1185	path:syn00195
syn:slr1311	path:syn00195
syn:slr1329	path:syn00195
syn:slr1330	path:syn00195
syn:slr1643	path:syn00195
syn:slr1645	path:syn00195
syn:slr1655	path:syn00195
syn:slr1739	path:syn00195
syn:slr1828	path:syn00195
syn:slr1834	path:syn00195
syn:slr1835	path:syn00195
syn:sml0001	path:syn00195
syn:sml0002	path:syn00195
syn:sml0003	path:syn00195
syn:sml0004	path:syn00195
syn:sml0005	path:syn00195
syn:sml0007	path:syn00195
syn:sml0008	path:syn00195
syn:smr0001	path:syn00195
syn:smr0003	path:syn00195
syn:smr0004	path:syn00195
syn:smr0005	path:syn00195
syn:smr0006	path:syn00195
syn:smr0007	path:syn00195
syn:smr0008	path:syn00195
syn:smr0010	path:syn00195
syn:ssl0020	path:syn00195
syn:ssl0563	path:syn00195
syn:ssl2598	path:syn00195
syn:ssl2615	path:syn00195
syn:ssr0390	path:syn00195
syn:ssr2831	path:syn00195
syn:ssr3451	path:syn00195
syn:sll0928	path:syn00196
syn:sll1051	path:syn00196
syn:sll1471	path:syn00196
syn:sll1577	path:syn00196
syn:sll1578	path:syn00196
syn:sll1579	path:syn00196
syn:sll1580	path:syn00196
syn:slr0335	path:syn00196
syn:slr1459	path:syn00196
syn:slr1878	path:syn00196
syn:slr1986	path:syn00196
syn:slr2051	path:syn00196
syn:slr2067	path:syn00196
syn:ssl3093	path:syn00196
syn:ssr3383	path:syn00196
syn:sll0080	path:syn00220
syn:sll0402	path:syn00220
syn:sll0420	path:syn00220
syn:sll0573	path:syn00220
syn:sll0902	path:syn00220
syn:sll1750	path:syn00220
syn:sll1883	path:syn00220
syn:slr0288	path:syn00220
syn:slr0520	path:syn00220
syn:slr0585	path:syn00220
syn:slr0710	path:syn00220
syn:slr1022	path:syn00220
syn:slr1133	path:syn00220
syn:slr1256	path:syn00220
syn:slr1756	path:syn00220
syn:slr1898	path:syn00220
syn:slr2079	path:syn00220
syn:sll0398	path:syn00230
syn:sll0420	path:syn00230
syn:sll0421	path:syn00230
syn:sll0469	path:syn00230
syn:sll0509	path:syn00230
syn:sll0573	path:syn00230
syn:sll0578	path:syn00230
syn:sll0646	path:syn00230
syn:sll0726	path:syn00230
syn:sll0757	path:syn00230
syn:sll0901	path:syn00230
syn:sll1054	path:syn00230
syn:sll1056	path:syn00230
syn:sll1059	path:syn00230
syn:sll1108	path:syn00230
syn:sll1161	path:syn00230
syn:sll1430	path:syn00230
syn:sll1459	path:syn00230
syn:sll1546	path:syn00230
syn:sll1750	path:syn00230
syn:sll1815	path:syn00230
syn:sll1823	path:syn00230
syn:sll1852	path:syn00230
syn:slr0213	path:syn00230
syn:slr0306	path:syn00230
syn:slr0402	path:syn00230
syn:slr0477	path:syn00230
syn:slr0519	path:syn00230
syn:slr0520	path:syn00230
syn:slr0591	path:syn00230
syn:slr0597	path:syn00230
syn:slr0676	path:syn00230
syn:slr0838	path:syn00230
syn:slr0861	path:syn00230
syn:slr1123	path:syn00230
syn:slr1134	path:syn00230
syn:slr1159	path:syn00230
syn:slr1164	path:syn00230
syn:slr1165	path:syn00230
syn:slr1226	path:syn00230
syn:slr1256	path:syn00230
syn:slr1325	path:syn00230
syn:slr1573	path:syn00230
syn:slr1722	path:syn00230
syn:slr1991	path:syn00230
syn:sll0144	path:syn00240
syn:sll0368	path:syn00240
syn:sll0370	path:syn00240
syn:sll0744	path:syn00240
syn:sll0838	path:syn00240
syn:sll0905	path:syn00240
syn:sll1018	path:syn00240
syn:sll1035	path:syn00240
syn:sll1108	path:syn00240
syn:sll1249	path:syn00240
syn:sll1258	path:syn00240
syn:sll1443	path:syn00240
syn:sll1459	path:syn00240
syn:sll1498	path:syn00240
syn:sll1635	path:syn00240
syn:sll1852	path:syn00240
syn:slr0185	path:syn00240
syn:slr0306	path:syn00240
syn:slr0379	path:syn00240
syn:slr0406	path:syn00240
syn:slr0591	path:syn00240
syn:slr1164	path:syn00240
syn:slr1237	path:syn00240
syn:slr1418	path:syn00240
syn:slr1476	path:syn00240
syn:slr1616	path:syn00240
syn:sll0220	path:syn00250
syn:sll0370	path:syn00250
syn:sll0402	path:syn00250
syn:sll0421	path:syn00250
syn:sll0422	path:syn00250
syn:sll0585	path:syn00250
syn:sll0631	path:syn00250
syn:sll0757	path:syn00250
syn:sll1027	path:syn00250
syn:sll1498	path:syn00250
syn:sll1561	path:syn00250
syn:sll1641	path:syn00250
syn:sll1682	path:syn00250
syn:sll1823	path:syn00250
syn:slr0288	path:syn00250
syn:slr0370	path:syn00250
syn:slr0520	path:syn00250
syn:slr0585	path:syn00250
syn:slr0710	path:syn00250
syn:slr1133	path:syn00250
syn:slr1476	path:syn00250
syn:slr1616	path:syn00250
syn:slr1705	path:syn00250
syn:slr1756	path:syn00250
syn:slr2079	path:syn00250
syn:sll0171	path:syn00260
syn:sll0455	path:syn00260
syn:sll1172	path:syn00260
syn:sll1688	path:syn00260
syn:sll1760	path:syn00260
syn:sll1908	path:syn00260
syn:sll1931	path:syn00260
syn:slr0293	path:syn00260
syn:slr0543	path:syn00260
syn:slr0549	path:syn00260
syn:slr0657	path:syn00260
syn:slr0879	path:syn00260
syn:slr0966	path:syn00260
syn:slr1096	path:syn00260
syn:slr1124	path:syn00260
syn:slr1840	path:syn00260
syn:slr1945	path:syn00260
syn:slr2072	path:syn00260
syn:sll1058	path:syn00261
syn:slr0549	path:syn00261
syn:slr0550	path:syn00261
syn:slr0657	path:syn00261
syn:slr1165	path:syn00261
syn:sll0135	path:syn00270
syn:sll0402	path:syn00270
syn:sll0455	path:syn00270
syn:sll0712	path:syn00270
syn:sll0891	path:syn00270
syn:sll0927	path:syn00270
syn:sll1234	path:syn00270
syn:sll1908	path:syn00270
syn:slr0032	path:syn00270
syn:slr0212	path:syn00270
syn:slr0214	path:syn00270
syn:slr0549	path:syn00270
syn:slr0657	path:syn00270
syn:slr0689	path:syn00270
syn:slr1238	path:syn00270
syn:slr1348	path:syn00270
syn:slr1573	path:syn00270
syn:slr1842	path:syn00270
syn:slr1938	path:syn00270
syn:slr2059	path:syn00270
syn:slr0032	path:syn00280
syn:slr0091	path:syn00280
syn:slr0229	path:syn00280
syn:slr1096	path:syn00280
syn:slr1993	path:syn00280
syn:slr1192	path:syn00281
syn:sll0065	path:syn00290
syn:sll1363	path:syn00290
syn:sll1444	path:syn00290
syn:sll1470	path:syn00290
syn:sll1564	path:syn00290
syn:sll1981	path:syn00290
syn:slr0032	path:syn00290
syn:slr0186	path:syn00290
syn:slr0452	path:syn00290
syn:slr1517	path:syn00290
syn:slr2072	path:syn00290
syn:slr2088	path:syn00290
syn:sll0006	path:syn00300
syn:sll0455	path:syn00300
syn:sll0480	path:syn00300
syn:sll0504	path:syn00300
syn:sll1058	path:syn00300
syn:slr0049	path:syn00300
syn:slr0528	path:syn00300
syn:slr0549	path:syn00300
syn:slr0550	path:syn00300
syn:slr0657	path:syn00300
syn:slr1022	path:syn00300
syn:slr1351	path:syn00300
syn:slr1665	path:syn00300
syn:sll1495	path:syn00310
syn:slr0049	path:syn00310
syn:slr0091	path:syn00310
syn:slr0370	path:syn00310
syn:slr1096	path:syn00310
syn:slr1993	path:syn00310
syn:sll0228	path:syn00330
syn:sll0373	path:syn00330
syn:sll0402	path:syn00330
syn:sll0461	path:syn00330
syn:sll0828	path:syn00330
syn:sll0873	path:syn00330
syn:sll1077	path:syn00330
syn:sll1561	path:syn00330
syn:slr0091	path:syn00330
syn:slr0596	path:syn00330
syn:slr0661	path:syn00330
syn:slr0662	path:syn00330
syn:slr1237	path:syn00330
syn:slr1312	path:syn00330
syn:slr2035	path:syn00330
syn:sll0373	path:syn00332
syn:sll0461	path:syn00332
syn:slr2035	path:syn00332
syn:sll0900	path:syn00340
syn:sll1893	path:syn00340
syn:sll1958	path:syn00340
syn:slr0084	path:syn00340
syn:slr0091	path:syn00340
syn:slr0500	path:syn00340
syn:slr0608	path:syn00340
syn:slr0652	path:syn00340
syn:slr0682	path:syn00340
syn:slr1560	path:syn00340
syn:slr1705	path:syn00340
syn:slr1848	path:syn00340
syn:sll0402	path:syn00350
syn:sll0990	path:syn00350
syn:sll1958	path:syn00350
syn:slr0090	path:syn00350
syn:slr0370	path:syn00350
syn:sll0402	path:syn00360
syn:sll0828	path:syn00360
syn:sll1958	path:syn00360
syn:sll1987	path:syn00360
syn:slr0090	path:syn00360
syn:sll1298	path:syn00361
syn:sll1298	path:syn00364
syn:sll0784	path:syn00380
syn:sll0828	path:syn00380
syn:sll1987	path:syn00380
syn:slr0091	path:syn00380
syn:slr1096	path:syn00380
syn:slr1993	path:syn00380
syn:slr2121	path:syn00380
syn:sll0109	path:syn00400
syn:sll0356	path:syn00400
syn:sll0402	path:syn00400
syn:sll0934	path:syn00400
syn:sll1112	path:syn00400
syn:sll1662	path:syn00400
syn:sll1669	path:syn00400
syn:sll1747	path:syn00400
syn:sll1958	path:syn00400
syn:slr0055	path:syn00400
syn:slr0444	path:syn00400
syn:slr0543	path:syn00400
syn:slr0546	path:syn00400
syn:slr0738	path:syn00400
syn:slr0966	path:syn00400
syn:slr1867	path:syn00400
syn:slr2081	path:syn00400
syn:slr2130	path:syn00400
syn:sll0402	path:syn00401
syn:sll1958	path:syn00401
syn:slr0055	path:syn00405
syn:slr0738	path:syn00405
syn:slr1019	path:syn00405
syn:sll0892	path:syn00410
syn:sll1249	path:syn00410
syn:sll1641	path:syn00410
syn:slr0091	path:syn00410
syn:sll1299	path:syn00430
syn:sll1641	path:syn00430
syn:sll1682	path:syn00430
syn:slr1269	path:syn00430
syn:slr2132	path:syn00430
syn:slr0077	path:syn00450
syn:slr0212	path:syn00450
syn:slr0600	path:syn00450
syn:slr0649	path:syn00450
syn:slr1165	path:syn00450
syn:sll0422	path:syn00460
syn:sll0585	path:syn00460
syn:sll0784	path:syn00460
syn:sll1538	path:syn00460
syn:sll1931	path:syn00460
syn:slr1269	path:syn00460
syn:sll0504	path:syn00470
syn:sll2010	path:syn00470
syn:slr0520	path:syn00470
syn:slr0827	path:syn00470
syn:slr1665	path:syn00470
syn:slr1746	path:syn00470
syn:slr1874	path:syn00470
syn:slr2079	path:syn00470
syn:sll0067	path:syn00480
syn:sll0329	path:syn00480
syn:sll1147	path:syn00480
syn:sll1343	path:syn00480
syn:sll1545	path:syn00480
syn:sll1902	path:syn00480
syn:sll2001	path:syn00480
syn:slr0697	path:syn00480
syn:slr1238	path:syn00480
syn:slr1269	path:syn00480
syn:slr1289	path:syn00480
syn:slr1843	path:syn00480
syn:sll0045	path:syn00500
syn:sll0158	path:syn00500
syn:sll0593	path:syn00500
syn:sll0726	path:syn00500
syn:sll0735	path:syn00500
syn:sll0842	path:syn00500
syn:sll0945	path:syn00500
syn:sll1138	path:syn00500
syn:sll1356	path:syn00500
syn:sll1393	path:syn00500
syn:sll1538	path:syn00500
syn:sll1676	path:syn00500
syn:slr0237	path:syn00500
syn:slr0329	path:syn00500
syn:slr0897	path:syn00500
syn:slr0953	path:syn00500
syn:slr0983	path:syn00500
syn:slr1176	path:syn00500
syn:slr1349	path:syn00500
syn:slr1367	path:syn00500
syn:slr1448	path:syn00500
syn:slr1857	path:syn00500
syn:sll1775	path:syn00511
syn:slr0323	path:syn00511
syn:slr1050	path:syn00514
syn:slr1050	path:syn00515
syn:sll0220	path:syn00520
syn:sll0244	path:syn00520
syn:sll0593	path:syn00520
syn:sll0726	path:syn00520
syn:sll0861	path:syn00520
syn:sll0899	path:syn00520
syn:sll1212	path:syn00520
syn:sll1213	path:syn00520
syn:sll1370	path:syn00520
syn:sll1496	path:syn00520
syn:sll1558	path:syn00520
syn:sll1758	path:syn00520
syn:slr0017	path:syn00520
syn:slr0329	path:syn00520
syn:slr0493	path:syn00520
syn:slr0624	path:syn00520
syn:slr0809	path:syn00520
syn:slr0983	path:syn00520
syn:slr0984	path:syn00520
syn:slr1020	path:syn00520
syn:slr1067	path:syn00520
syn:slr1072	path:syn00520
syn:slr1078	path:syn00520
syn:slr1176	path:syn00520
syn:slr1179	path:syn00520
syn:slr1299	path:syn00520
syn:slr1349	path:syn00520
syn:slr1424	path:syn00520
syn:slr1448	path:syn00520
syn:slr1615	path:syn00520
syn:slr1975	path:syn00520
syn:slr2074	path:syn00520
syn:slr2114	path:syn00520
syn:sll0207	path:syn00521
syn:sll0593	path:syn00521
syn:sll0726	path:syn00521
syn:sll1329	path:syn00521
syn:sll1383	path:syn00521
syn:sll1395	path:syn00521
syn:slr0329	path:syn00521
syn:slr0836	path:syn00521
syn:slr0985	path:syn00521
syn:slr1933	path:syn00521
syn:sll0207	path:syn00523
syn:sll1395	path:syn00523
syn:slr0836	path:syn00523
syn:slr0985	path:syn00523
syn:slr1933	path:syn00523
syn:sll0207	path:syn00525
syn:slr0836	path:syn00525
syn:sll0083	path:syn00540
syn:sll0084	path:syn00540
syn:sll0379	path:syn00540
syn:sll1508	path:syn00540
syn:slr0015	path:syn00540
syn:slr0776	path:syn00540
syn:slr0862	path:syn00540
syn:sll0207	path:syn00541
syn:sll0244	path:syn00541
syn:sll0899	path:syn00541
syn:sll1212	path:syn00541
syn:sll1213	path:syn00541
syn:sll1370	path:syn00541
syn:sll1395	path:syn00541
syn:slr0493	path:syn00541
syn:slr0624	path:syn00541
syn:slr0836	path:syn00541
syn:slr0983	path:syn00541
syn:slr0984	path:syn00541
syn:slr0985	path:syn00541
syn:slr1067	path:syn00541
syn:slr1072	path:syn00541
syn:slr1078	path:syn00541
syn:slr1299	path:syn00541
syn:slr1615	path:syn00541
syn:slr1933	path:syn00541
syn:slr2074	path:syn00541
syn:slr2114	path:syn00541
syn:slr1084	path:syn00543
syn:slr1348	path:syn00543
syn:sll0002	path:syn00550
syn:sll0034	path:syn00550
syn:sll0210	path:syn00550
syn:sll0506	path:syn00550
syn:sll0657	path:syn00550
syn:sll1833	path:syn00550
syn:sll2010	path:syn00550
syn:slr0017	path:syn00550
syn:slr0528	path:syn00550
syn:slr0646	path:syn00550
syn:slr0804	path:syn00550
syn:slr0938	path:syn00550
syn:slr1351	path:syn00550
syn:slr1423	path:syn00550
syn:slr1424	path:syn00550
syn:slr1656	path:syn00550
syn:slr1742	path:syn00550
syn:slr1874	path:syn00550
syn:sll0210	path:syn00552
syn:sll1872	path:syn00552
syn:slr0883	path:syn00552
syn:slr1118	path:syn00552
syn:slr1271	path:syn00552
syn:sll1376	path:syn00561
syn:sll1377	path:syn00561
syn:sll1848	path:syn00561
syn:sll1969	path:syn00561
syn:sll1973	path:syn00561
syn:slr0054	path:syn00561
syn:slr0091	path:syn00561
syn:slr0942	path:syn00561
syn:slr1020	path:syn00561
syn:slr1510	path:syn00561
syn:slr1672	path:syn00561
syn:slr1840	path:syn00561
syn:sll1329	path:syn00562
syn:sll1383	path:syn00562
syn:slr0783	path:syn00562
syn:sll1085	path:syn00564
syn:sll1522	path:syn00564
syn:sll1848	path:syn00564
syn:sll1973	path:syn00564
syn:slr0054	path:syn00564
syn:slr1369	path:syn00564
syn:slr1755	path:syn00564
syn:sll1775	path:syn00600
syn:slr0813	path:syn00600
syn:sll0053	path:syn00620
syn:sll0336	path:syn00620
syn:sll0542	path:syn00620
syn:sll0587	path:syn00620
syn:sll0728	path:syn00620
syn:sll0741	path:syn00620
syn:sll0891	path:syn00620
syn:sll0920	path:syn00620
syn:sll0990	path:syn00620
syn:sll1019	path:syn00620
syn:sll1275	path:syn00620
syn:sll1299	path:syn00620
syn:sll1564	path:syn00620
syn:sll1721	path:syn00620
syn:sll1841	path:syn00620
syn:slr0018	path:syn00620
syn:slr0091	path:syn00620
syn:slr0186	path:syn00620
syn:slr0301	path:syn00620
syn:slr0381	path:syn00620
syn:slr0435	path:syn00620
syn:slr0721	path:syn00620
syn:slr0942	path:syn00620
syn:slr1096	path:syn00620
syn:slr1192	path:syn00620
syn:slr1556	path:syn00620
syn:slr1934	path:syn00620
syn:slr1993	path:syn00620
syn:slr2132	path:syn00620
syn:sll1298	path:syn00623
syn:sll0990	path:syn00625
syn:slr0091	path:syn00625
syn:sll0990	path:syn00626
syn:sll0784	path:syn00627
syn:sll0828	path:syn00627
syn:slr0619	path:syn00627
syn:slr1099	path:syn00627
syn:sll0070	path:syn00630
syn:sll0107	path:syn00630
syn:sll0171	path:syn00630
syn:sll0401	path:syn00630
syn:sll0404	path:syn00630
syn:sll0542	path:syn00630
syn:sll0891	path:syn00630
syn:sll1189	path:syn00630
syn:sll1349	path:syn00630
syn:sll1358	path:syn00630
syn:sll1499	path:syn00630
syn:sll1502	path:syn00630
syn:sll1831	path:syn00630
syn:sll1931	path:syn00630
syn:slr0009	path:syn00630
syn:slr0012	path:syn00630
syn:slr0288	path:syn00630
syn:slr0293	path:syn00630
syn:slr0458	path:syn00630
syn:slr0665	path:syn00630
syn:slr0879	path:syn00630
syn:slr1096	path:syn00630
syn:slr1756	path:syn00630
syn:slr1762	path:syn00630
syn:slr1840	path:syn00630
syn:slr1993	path:syn00630
syn:slr1994	path:syn00630
syn:slr2121	path:syn00630
syn:sll0053	path:syn00640
syn:sll0336	path:syn00640
syn:sll0542	path:syn00640
syn:sll0728	path:syn00640
syn:sll1023	path:syn00640
syn:sll1299	path:syn00640
syn:sll1557	path:syn00640
syn:slr0435	path:syn00640
syn:slr0665	path:syn00640
syn:slr1096	path:syn00640
syn:slr2132	path:syn00640
syn:sll0784	path:syn00643
syn:sll0828	path:syn00643
syn:sll0065	path:syn00650
syn:sll0741	path:syn00650
syn:sll0823	path:syn00650
syn:sll1625	path:syn00650
syn:sll1641	path:syn00650
syn:sll1981	path:syn00650
syn:slr0201	path:syn00650
syn:slr0370	path:syn00650
syn:slr1233	path:syn00650
syn:slr1829	path:syn00650
syn:slr1830	path:syn00650
syn:slr1993	path:syn00650
syn:slr1994	path:syn00650
syn:slr2088	path:syn00650
syn:sll0065	path:syn00660
syn:sll1023	path:syn00660
syn:sll1444	path:syn00660
syn:sll1470	path:syn00660
syn:sll1557	path:syn00660
syn:sll1981	path:syn00660
syn:slr1517	path:syn00660
syn:slr2088	path:syn00660
syn:sll0070	path:syn00670
syn:sll0171	path:syn00670
syn:sll0753	path:syn00670
syn:sll1635	path:syn00670
syn:sll1643	path:syn00670
syn:sll1931	path:syn00670
syn:slr0070	path:syn00670
syn:slr0212	path:syn00670
syn:slr0477	path:syn00670
syn:slr0597	path:syn00670
syn:slr2141	path:syn00670
syn:sll0018	path:syn00680
syn:sll0542	path:syn00680
syn:sll0745	path:syn00680
syn:sll0891	path:syn00680
syn:sll0920	path:syn00680
syn:sll0990	path:syn00680
syn:sll0992	path:syn00680
syn:sll1196	path:syn00680
syn:sll1285	path:syn00680
syn:sll1299	path:syn00680
syn:sll1659	path:syn00680
syn:sll1908	path:syn00680
syn:sll1931	path:syn00680
syn:slr0301	path:syn00680
syn:slr0752	path:syn00680
syn:slr0943	path:syn00680
syn:slr0952	path:syn00680
syn:slr1124	path:syn00680
syn:slr1718	path:syn00680
syn:slr1945	path:syn00680
syn:slr2094	path:syn00680
syn:slr2132	path:syn00680
syn:sll0018	path:syn00710
syn:sll0807	path:syn00710
syn:sll0891	path:syn00710
syn:sll0920	path:syn00710
syn:sll1070	path:syn00710
syn:sll1342	path:syn00710
syn:sll1525	path:syn00710
syn:slr0009	path:syn00710
syn:slr0012	path:syn00710
syn:slr0194	path:syn00710
syn:slr0394	path:syn00710
syn:slr0453	path:syn00710
syn:slr0783	path:syn00710
syn:slr0884	path:syn00710
syn:slr0943	path:syn00710
syn:slr0952	path:syn00710
syn:slr2094	path:syn00710
syn:ssl2153	path:syn00710
syn:sll0635	path:syn00730
syn:sll0704	path:syn00730
syn:sll0898	path:syn00730
syn:sll1059	path:syn00730
syn:sll1815	path:syn00730
syn:sll1945	path:syn00730
syn:slr0118	path:syn00730
syn:slr0387	path:syn00730
syn:slr0633	path:syn00730
syn:slr1787	path:syn00730
syn:sll0300	path:syn00740
syn:sll1054	path:syn00740
syn:sll1282	path:syn00740
syn:sll1894	path:syn00740
syn:slr0066	path:syn00740
syn:slr1099	path:syn00740
syn:slr1134	path:syn00740
syn:slr1882	path:syn00740
syn:sll1172	path:syn00750
syn:sll1440	path:syn00750
syn:sll1688	path:syn00750
syn:slr1503	path:syn00750
syn:slr1779	path:syn00750
syn:sll0622	path:syn00760
syn:sll0631	path:syn00760
syn:sll1108	path:syn00760
syn:sll1415	path:syn00760
syn:sll1459	path:syn00760
syn:sll1916	path:syn00760
syn:slr0306	path:syn00760
syn:slr0370	path:syn00760
syn:slr0400	path:syn00760
syn:slr0427	path:syn00760
syn:slr0787	path:syn00760
syn:slr0788	path:syn00760
syn:slr0936	path:syn00760
syn:slr1239	path:syn00760
syn:slr1434	path:syn00760
syn:slr1691	path:syn00760
syn:sll0065	path:syn00770
syn:sll0250	path:syn00770
syn:sll0892	path:syn00770
syn:sll1249	path:syn00770
syn:sll1363	path:syn00770
syn:sll1981	path:syn00770
syn:slr0032	path:syn00770
syn:slr0091	path:syn00770
syn:slr0452	path:syn00770
syn:slr0495	path:syn00770
syn:slr0526	path:syn00770
syn:slr0553	path:syn00770
syn:slr0812	path:syn00770
syn:slr0847	path:syn00770
syn:slr2088	path:syn00770
syn:sll1069	path:syn00780
syn:sll1605	path:syn00780
syn:sll1655	path:syn00780
syn:sll5079	path:syn00780
syn:slr0355	path:syn00780
syn:slr0523	path:syn00780
syn:slr0886	path:syn00780
syn:slr0917	path:syn00780
syn:slr1051	path:syn00780
syn:slr1332	path:syn00780
syn:slr1364	path:syn00780
syn:sll0809	path:syn00785
syn:sll0868	path:syn00785
syn:slr0994	path:syn00785
syn:slr1598	path:syn00785
syn:sll1612	path:syn00790
syn:sll1894	path:syn00790
syn:sll2011	path:syn00790
syn:slr0078	path:syn00790
syn:slr0426	path:syn00790
syn:slr0527	path:syn00790
syn:slr0711	path:syn00790
syn:slr0887	path:syn00790
syn:slr0900	path:syn00790
syn:slr0901	path:syn00790
syn:slr0902	path:syn00790
syn:slr0903	path:syn00790
syn:slr1093	path:syn00790
syn:slr1626	path:syn00790
syn:slr1979	path:syn00790
syn:slr2026	path:syn00790
syn:ssl2296	path:syn00790
syn:sll0017	path:syn00860
syn:sll0037	path:syn00860
syn:sll0099	path:syn00860
syn:sll0166	path:syn00860
syn:sll0179	path:syn00860
syn:sll0378	path:syn00860
syn:sll0794	path:syn00860
syn:sll0916	path:syn00860
syn:sll1091	path:syn00860
syn:sll1184	path:syn00860
syn:sll1185	path:syn00860
syn:sll1214	path:syn00860
syn:sll1341	path:syn00860
syn:sll1501	path:syn00860
syn:sll1874	path:syn00860
syn:sll1875	path:syn00860
syn:sll1876	path:syn00860
syn:sll1890	path:syn00860
syn:sll1898	path:syn00860
syn:sll1899	path:syn00860
syn:sll1994	path:syn00860
syn:slr0056	path:syn00860
syn:slr0116	path:syn00860
syn:slr0216	path:syn00860
syn:slr0239	path:syn00860
syn:slr0252	path:syn00860
syn:slr0260	path:syn00860
syn:slr0506	path:syn00860
syn:slr0525	path:syn00860
syn:slr0536	path:syn00860
syn:slr0618	path:syn00860
syn:slr0636	path:syn00860
syn:slr0749	path:syn00860
syn:slr0750	path:syn00860
syn:slr0772	path:syn00860
syn:slr0839	path:syn00860
syn:slr0905	path:syn00860
syn:slr0969	path:syn00860
syn:slr1030	path:syn00860
syn:slr1055	path:syn00860
syn:slr1211	path:syn00860
syn:slr1368	path:syn00860
syn:slr1467	path:syn00860
syn:slr1538	path:syn00860
syn:slr1748	path:syn00860
syn:slr1777	path:syn00860
syn:slr1784	path:syn00860
syn:slr1790	path:syn00860
syn:slr1808	path:syn00860
syn:slr1879	path:syn00860
syn:slr1887	path:syn00860
syn:slr1890	path:syn00860
syn:slr1923	path:syn00860
syn:slr1925	path:syn00860
syn:sll0019	path:syn00900
syn:sll0506	path:syn00900
syn:sll0711	path:syn00900
syn:sll1091	path:syn00900
syn:sll1556	path:syn00900
syn:sll1945	path:syn00900
syn:slr0348	path:syn00900
syn:slr0611	path:syn00900
syn:slr0739	path:syn00900
syn:slr0951	path:syn00900
syn:slr1099	path:syn00900
syn:slr1542	path:syn00900
syn:slr1993	path:syn00900
syn:slr2136	path:syn00900
syn:sll0033	path:syn00906
syn:sll0147	path:syn00906
syn:sll0254	path:syn00906
syn:sll0659	path:syn00906
syn:sll1468	path:syn00906
syn:slr0088	path:syn00906
syn:slr0940	path:syn00906
syn:slr1254	path:syn00906
syn:slr1255	path:syn00906
syn:sll0513	path:syn00909
syn:slr2089	path:syn00909
syn:sll0450	path:syn00910
syn:sll0573	path:syn00910
syn:sll0784	path:syn00910
syn:sll1027	path:syn00910
syn:sll1450	path:syn00910
syn:sll1451	path:syn00910
syn:sll1452	path:syn00910
syn:sll1453	path:syn00910
syn:sll1454	path:syn00910
syn:sll1499	path:syn00910
syn:sll1502	path:syn00910
syn:slr0051	path:syn00910
syn:slr0288	path:syn00910
syn:slr0710	path:syn00910
syn:slr0898	path:syn00910
syn:slr0899	path:syn00910
syn:slr1347	path:syn00910
syn:slr1756	path:syn00910
syn:sll0509	path:syn00920
syn:sll0712	path:syn00920
syn:sll0895	path:syn00920
syn:sll5036	path:syn00920
syn:slr0676	path:syn00920
syn:slr0876	path:syn00920
syn:slr0963	path:syn00920
syn:slr1165	path:syn00920
syn:slr1348	path:syn00920
syn:slr1452	path:syn00920
syn:slr1453	path:syn00920
syn:slr1454	path:syn00920
syn:slr1455	path:syn00920
syn:slr1791	path:syn00920
syn:slr1842	path:syn00920
syn:sll1538	path:syn00946
syn:sll0078	path:syn00970
syn:sll0179	path:syn00970
syn:sll0362	path:syn00970
syn:sll0454	path:syn00970
syn:sll0495	path:syn00970
syn:sll0502	path:syn00970
syn:sll1074	path:syn00970
syn:sll1362	path:syn00970
syn:sll1425	path:syn00970
syn:sll1435	path:syn00970
syn:sll1553	path:syn00970
syn:slr0033	path:syn00970
syn:slr0070	path:syn00970
syn:slr0220	path:syn00970
syn:slr0357	path:syn00970
syn:slr0557	path:syn00970
syn:slr0638	path:syn00970
syn:slr0649	path:syn00970
syn:slr0877	path:syn00970
syn:slr0958	path:syn00970
syn:slr1031	path:syn00970
syn:slr1550	path:syn00970
syn:slr1703	path:syn00970
syn:slr1720	path:syn00970
syn:slr1884	path:syn00970
syn:ssr1720	path:syn00970
syn:trnA-CGC	path:syn00970
syn:trnA-GGC	path:syn00970
syn:trnA-UGC	path:syn00970
syn:trnC-GCA	path:syn00970
syn:trnD-GUC	path:syn00970
syn:trnE-UUC	path:syn00970
syn:trnF-GAA	path:syn00970
syn:trnG-CCC	path:syn00970
syn:trnG-GCC	path:syn00970
syn:trnG-UCC	path:syn00970
syn:trnH-GUG	path:syn00970
syn:trnI-CAU	path:syn00970
syn:trnI-GAU-1	path:syn00970
syn:trnI-GAU-2	path:syn00970
syn:trnK-UUU	path:syn00970
syn:trnL-CAA	path:syn00970
syn:trnL-CAG	path:syn00970
syn:trnL-GAG	path:syn00970
syn:trnL-UAA	path:syn00970
syn:trnL-UAG	path:syn00970
syn:trnN-GUU	path:syn00970
syn:trnP-CGG	path:syn00970
syn:trnP-GGG	path:syn00970
syn:trnP-UGG	path:syn00970
syn:trnQ-UUG	path:syn00970
syn:trnR-ACG	path:syn00970
syn:trnR-CCG	path:syn00970
syn:trnR-CCU	path:syn00970
syn:trnR-UCU	path:syn00970
syn:trnS-CGA	path:syn00970
syn:trnS-GCU	path:syn00970
syn:trnS-GGA	path:syn00970
syn:trnS-UGA	path:syn00970
syn:trnT-CGU	path:syn00970
syn:trnT-GGU	path:syn00970
syn:trnT-UGU	path:syn00970
syn:trnV-GAC	path:syn00970
syn:trnV-UAC	path:syn00970
syn:trnW-CCA	path:syn00970
syn:trnY-GUA	path:syn00970
syn:sll0927	path:syn00999
syn:sll1538	path:syn00999
syn:sll0002	path:syn01100
syn:sll0006	path:syn01100
syn:sll0017	path:syn01100
syn:sll0018	path:syn01100
syn:sll0019	path:syn01100
syn:sll0026	path:syn01100
syn:sll0027	path:syn01100
syn:sll0033	path:syn01100
syn:sll0034	path:syn01100
syn:sll0037	path:syn01100
syn:sll0045	path:syn01100
syn:sll0053	path:syn01100
syn:sll0065	path:syn01100
syn:sll0067	path:syn01100
syn:sll0070	path:syn01100
syn:sll0080	path:syn01100
syn:sll0083	path:syn01100
syn:sll0084	path:syn01100
syn:sll0099	path:syn01100
syn:sll0107	path:syn01100
syn:sll0109	path:syn01100
syn:sll0135	path:syn01100
syn:sll0144	path:syn01100
syn:sll0147	path:syn01100
syn:sll0158	path:syn01100
syn:sll0166	path:syn01100
syn:sll0171	path:syn01100
syn:sll0179	path:syn01100
syn:sll0199	path:syn01100
syn:sll0207	path:syn01100
syn:sll0220	path:syn01100
syn:sll0223	path:syn01100
syn:sll0228	path:syn01100
syn:sll0244	path:syn01100
syn:sll0250	path:syn01100
syn:sll0258	path:syn01100
syn:sll0262	path:syn01100
syn:sll0300	path:syn01100
syn:sll0329	path:syn01100
syn:sll0336	path:syn01100
syn:sll0356	path:syn01100
syn:sll0368	path:syn01100
syn:sll0370	path:syn01100
syn:sll0373	path:syn01100
syn:sll0378	path:syn01100
syn:sll0379	path:syn01100
syn:sll0398	path:syn01100
syn:sll0401	path:syn01100
syn:sll0402	path:syn01100
syn:sll0404	path:syn01100
syn:sll0409	path:syn01100
syn:sll0418	path:syn01100
syn:sll0420	path:syn01100
syn:sll0421	path:syn01100
syn:sll0422	path:syn01100
syn:sll0427	path:syn01100
syn:sll0450	path:syn01100
syn:sll0455	path:syn01100
syn:sll0461	path:syn01100
syn:sll0469	path:syn01100
syn:sll0480	path:syn01100
syn:sll0504	path:syn01100
syn:sll0509	path:syn01100
syn:sll0513	path:syn01100
syn:sll0519	path:syn01100
syn:sll0520	path:syn01100
syn:sll0521	path:syn01100
syn:sll0522	path:syn01100
syn:sll0542	path:syn01100
syn:sll0573	path:syn01100
syn:sll0578	path:syn01100
syn:sll0585	path:syn01100
syn:sll0587	path:syn01100
syn:sll0593	path:syn01100
syn:sll0603	path:syn01100
syn:sll0622	path:syn01100
syn:sll0629	path:syn01100
syn:sll0631	path:syn01100
syn:sll0635	path:syn01100
syn:sll0646	path:syn01100
syn:sll0657	path:syn01100
syn:sll0659	path:syn01100
syn:sll0704	path:syn01100
syn:sll0711	path:syn01100
syn:sll0712	path:syn01100
syn:sll0726	path:syn01100
syn:sll0728	path:syn01100
syn:sll0735	path:syn01100
syn:sll0741	path:syn01100
syn:sll0744	path:syn01100
syn:sll0745	path:syn01100
syn:sll0753	path:syn01100
syn:sll0757	path:syn01100
syn:sll0784	path:syn01100
syn:sll0794	path:syn01100
syn:sll0807	path:syn01100
syn:sll0809	path:syn01100
syn:sll0813	path:syn01100
syn:sll0817	path:syn01100
syn:sll0819	path:syn01100
syn:sll0823	path:syn01100
syn:sll0828	path:syn01100
syn:sll0838	path:syn01100
syn:sll0842	path:syn01100
syn:sll0849	path:syn01100
syn:sll0851	path:syn01100
syn:sll0861	path:syn01100
syn:sll0868	path:syn01100
syn:sll0873	path:syn01100
syn:sll0891	path:syn01100
syn:sll0892	path:syn01100
syn:sll0895	path:syn01100
syn:sll0898	path:syn01100
syn:sll0899	path:syn01100
syn:sll0900	path:syn01100
syn:sll0901	path:syn01100
syn:sll0902	path:syn01100
syn:sll0905	path:syn01100
syn:sll0916	path:syn01100
syn:sll0920	path:syn01100
syn:sll0927	path:syn01100
syn:sll0928	path:syn01100
syn:sll0934	path:syn01100
syn:sll0936	path:syn01100
syn:sll0945	path:syn01100
syn:sll0990	path:syn01100
syn:sll0992	path:syn01100
syn:sll1004	path:syn01100
syn:sll1018	path:syn01100
syn:sll1019	path:syn01100
syn:sll1023	path:syn01100
syn:sll1027	path:syn01100
syn:sll1035	path:syn01100
syn:sll1051	path:syn01100
syn:sll1054	path:syn01100
syn:sll1056	path:syn01100
syn:sll1058	path:syn01100
syn:sll1059	path:syn01100
syn:sll1069	path:syn01100
syn:sll1070	path:syn01100
syn:sll1077	path:syn01100
syn:sll1091	path:syn01100
syn:sll1108	path:syn01100
syn:sll1112	path:syn01100
syn:sll1127	path:syn01100
syn:sll1147	path:syn01100
syn:sll1161	path:syn01100
syn:sll1172	path:syn01100
syn:sll1182	path:syn01100
syn:sll1184	path:syn01100
syn:sll1185	path:syn01100
syn:sll1189	path:syn01100
syn:sll1194	path:syn01100
syn:sll1196	path:syn01100
syn:sll1212	path:syn01100
syn:sll1213	path:syn01100
syn:sll1214	path:syn01100
syn:sll1220	path:syn01100
syn:sll1221	path:syn01100
syn:sll1223	path:syn01100
syn:sll1234	path:syn01100
syn:sll1249	path:syn01100
syn:sll1258	path:syn01100
syn:sll1262	path:syn01100
syn:sll1275	path:syn01100
syn:sll1281	path:syn01100
syn:sll1282	path:syn01100
syn:sll1285	path:syn01100
syn:sll1298	path:syn01100
syn:sll1299	path:syn01100
syn:sll1316	path:syn01100
syn:sll1317	path:syn01100
syn:sll1322	path:syn01100
syn:sll1323	path:syn01100
syn:sll1324	path:syn01100
syn:sll1325	path:syn01100
syn:sll1326	path:syn01100
syn:sll1327	path:syn01100
syn:sll1329	path:syn01100
syn:sll1342	path:syn01100
syn:sll1343	path:syn01100
syn:sll1349	path:syn01100
syn:sll1356	path:syn01100
syn:sll1358	path:syn01100
syn:sll1363	path:syn01100
syn:sll1370	path:syn01100
syn:sll1376	path:syn01100
syn:sll1377	path:syn01100
syn:sll1382	path:syn01100
syn:sll1383	path:syn01100
syn:sll1393	path:syn01100
syn:sll1395	path:syn01100
syn:sll1398	path:syn01100
syn:sll1415	path:syn01100
syn:sll1418	path:syn01100
syn:sll1430	path:syn01100
syn:sll1435	path:syn01100
syn:sll1440	path:syn01100
syn:sll1443	path:syn01100
syn:sll1444	path:syn01100
syn:sll1454	path:syn01100
syn:sll1459	path:syn01100
syn:sll1468	path:syn01100
syn:sll1470	path:syn01100
syn:sll1471	path:syn01100
syn:sll1479	path:syn01100
syn:sll1484	path:syn01100
syn:sll1495	path:syn01100
syn:sll1496	path:syn01100
syn:sll1498	path:syn01100
syn:sll1501	path:syn01100
syn:sll1508	path:syn01100
syn:sll1522	path:syn01100
syn:sll1525	path:syn01100
syn:sll1538	path:syn01100
syn:sll1540	path:syn01100
syn:sll1545	path:syn01100
syn:sll1546	path:syn01100
syn:sll1556	path:syn01100
syn:sll1557	path:syn01100
syn:sll1558	path:syn01100
syn:sll1561	path:syn01100
syn:sll1564	path:syn01100
syn:sll1577	path:syn01100
syn:sll1578	path:syn01100
syn:sll1579	path:syn01100
syn:sll1580	path:syn01100
syn:sll1605	path:syn01100
syn:sll1612	path:syn01100
syn:sll1625	path:syn01100
syn:sll1635	path:syn01100
syn:sll1641	path:syn01100
syn:sll1643	path:syn01100
syn:sll1653	path:syn01100
syn:sll1655	path:syn01100
syn:sll1659	path:syn01100
syn:sll1662	path:syn01100
syn:sll1669	path:syn01100
syn:sll1676	path:syn01100
syn:sll1682	path:syn01100
syn:sll1688	path:syn01100
syn:sll1709	path:syn01100
syn:sll1721	path:syn01100
syn:sll1732	path:syn01100
syn:sll1733	path:syn01100
syn:sll1747	path:syn01100
syn:sll1750	path:syn01100
syn:sll1758	path:syn01100
syn:sll1760	path:syn01100
syn:sll1775	path:syn01100
syn:sll1776	path:syn01100
syn:sll1796	path:syn01100
syn:sll1797	path:syn01100
syn:sll1815	path:syn01100
syn:sll1823	path:syn01100
syn:sll1831	path:syn01100
syn:sll1833	path:syn01100
syn:sll1841	path:syn01100
syn:sll1848	path:syn01100
syn:sll1852	path:syn01100
syn:sll1867	path:syn01100
syn:sll1874	path:syn01100
syn:sll1875	path:syn01100
syn:sll1876	path:syn01100
syn:sll1883	path:syn01100
syn:sll1890	path:syn01100
syn:sll1893	path:syn01100
syn:sll1894	path:syn01100
syn:sll1898	path:syn01100
syn:sll1899	path:syn01100
syn:sll1902	path:syn01100
syn:sll1908	path:syn01100
syn:sll1916	path:syn01100
syn:sll1931	path:syn01100
syn:sll1945	path:syn01100
syn:sll1958	path:syn01100
syn:sll1969	path:syn01100
syn:sll1973	path:syn01100
syn:sll1981	path:syn01100
syn:sll1987	path:syn01100
syn:sll1994	path:syn01100
syn:sll2001	path:syn01100
syn:sll2010	path:syn01100
syn:sll2011	path:syn01100
syn:sll5079	path:syn01100
syn:slr0009	path:syn01100
syn:slr0012	path:syn01100
syn:slr0015	path:syn01100
syn:slr0017	path:syn01100
syn:slr0018	path:syn01100
syn:slr0032	path:syn01100
syn:slr0033	path:syn01100
syn:slr0049	path:syn01100
syn:slr0051	path:syn01100
syn:slr0054	path:syn01100
syn:slr0055	path:syn01100
syn:slr0056	path:syn01100
syn:slr0066	path:syn01100
syn:slr0070	path:syn01100
syn:slr0077	path:syn01100
syn:slr0078	path:syn01100
syn:slr0084	path:syn01100
syn:slr0089	path:syn01100
syn:slr0090	path:syn01100
syn:slr0091	path:syn01100
syn:slr0118	path:syn01100
syn:slr0150	path:syn01100
syn:slr0185	path:syn01100
syn:slr0186	path:syn01100
syn:slr0194	path:syn01100
syn:slr0201	path:syn01100
syn:slr0204	path:syn01100
syn:slr0212	path:syn01100
syn:slr0213	path:syn01100
syn:slr0214	path:syn01100
syn:slr0216	path:syn01100
syn:slr0229	path:syn01100
syn:slr0237	path:syn01100
syn:slr0239	path:syn01100
syn:slr0252	path:syn01100
syn:slr0260	path:syn01100
syn:slr0261	path:syn01100
syn:slr0288	path:syn01100
syn:slr0293	path:syn01100
syn:slr0301	path:syn01100
syn:slr0306	path:syn01100
syn:slr0329	path:syn01100
syn:slr0331	path:syn01100
syn:slr0335	path:syn01100
syn:slr0342	path:syn01100
syn:slr0343	path:syn01100
syn:slr0348	path:syn01100
syn:slr0355	path:syn01100
syn:slr0370	path:syn01100
syn:slr0379	path:syn01100
syn:slr0381	path:syn01100
syn:slr0387	path:syn01100
syn:slr0394	path:syn01100
syn:slr0400	path:syn01100
syn:slr0402	path:syn01100
syn:slr0406	path:syn01100
syn:slr0426	path:syn01100
syn:slr0427	path:syn01100
syn:slr0435	path:syn01100
syn:slr0444	path:syn01100
syn:slr0452	path:syn01100
syn:slr0453	path:syn01100
syn:slr0458	path:syn01100
syn:slr0477	path:syn01100
syn:slr0492	path:syn01100
syn:slr0493	path:syn01100
syn:slr0495	path:syn01100
syn:slr0500	path:syn01100
syn:slr0506	path:syn01100
syn:slr0519	path:syn01100
syn:slr0520	path:syn01100
syn:slr0523	path:syn01100
syn:slr0525	path:syn01100
syn:slr0526	path:syn01100
syn:slr0527	path:syn01100
syn:slr0528	path:syn01100
syn:slr0536	path:syn01100
syn:slr0543	path:syn01100
syn:slr0546	path:syn01100
syn:slr0549	path:syn01100
syn:slr0550	path:syn01100
syn:slr0553	path:syn01100
syn:slr0585	path:syn01100
syn:slr0591	path:syn01100
syn:slr0596	path:syn01100
syn:slr0597	path:syn01100
syn:slr0608	path:syn01100
syn:slr0618	path:syn01100
syn:slr0624	path:syn01100
syn:slr0633	path:syn01100
syn:slr0636	path:syn01100
syn:slr0646	path:syn01100
syn:slr0649	path:syn01100
syn:slr0652	path:syn01100
syn:slr0657	path:syn01100
syn:slr0661	path:syn01100
syn:slr0662	path:syn01100
syn:slr0665	path:syn01100
syn:slr0676	path:syn01100
syn:slr0682	path:syn01100
syn:slr0689	path:syn01100
syn:slr0697	path:syn01100
syn:slr0710	path:syn01100
syn:slr0711	path:syn01100
syn:slr0737	path:syn01100
syn:slr0738	path:syn01100
syn:slr0739	path:syn01100
syn:slr0749	path:syn01100
syn:slr0750	path:syn01100
syn:slr0752	path:syn01100
syn:slr0772	path:syn01100
syn:slr0776	path:syn01100
syn:slr0783	path:syn01100
syn:slr0787	path:syn01100
syn:slr0788	path:syn01100
syn:slr0804	path:syn01100
syn:slr0809	path:syn01100
syn:slr0812	path:syn01100
syn:slr0813	path:syn01100
syn:slr0817	path:syn01100
syn:slr0827	path:syn01100
syn:slr0836	path:syn01100
syn:slr0838	path:syn01100
syn:slr0839	path:syn01100
syn:slr0844	path:syn01100
syn:slr0847	path:syn01100
syn:slr0851	path:syn01100
syn:slr0861	path:syn01100
syn:slr0862	path:syn01100
syn:slr0877	path:syn01100
syn:slr0879	path:syn01100
syn:slr0884	path:syn01100
syn:slr0886	path:syn01100
syn:slr0897	path:syn01100
syn:slr0898	path:syn01100
syn:slr0899	path:syn01100
syn:slr0900	path:syn01100
syn:slr0901	path:syn01100
syn:slr0902	path:syn01100
syn:slr0903	path:syn01100
syn:slr0905	path:syn01100
syn:slr0906	path:syn01100
syn:slr0917	path:syn01100
syn:slr0926	path:syn01100
syn:slr0927	path:syn01100
syn:slr0936	path:syn01100
syn:slr0938	path:syn01100
syn:slr0940	path:syn01100
syn:slr0942	path:syn01100
syn:slr0943	path:syn01100
syn:slr0951	path:syn01100
syn:slr0952	path:syn01100
syn:slr0963	path:syn01100
syn:slr0966	path:syn01100
syn:slr0969	path:syn01100
syn:slr0983	path:syn01100
syn:slr0984	path:syn01100
syn:slr0985	path:syn01100
syn:slr0994	path:syn01100
syn:slr1019	path:syn01100
syn:slr1020	path:syn01100
syn:slr1022	path:syn01100
syn:slr1030	path:syn01100
syn:slr1050	path:syn01100
syn:slr1051	path:syn01100
syn:slr1055	path:syn01100
syn:slr1067	path:syn01100
syn:slr1072	path:syn01100
syn:slr1078	path:syn01100
syn:slr1093	path:syn01100
syn:slr1096	path:syn01100
syn:slr1099	path:syn01100
syn:slr1123	path:syn01100
syn:slr1124	path:syn01100
syn:slr1133	path:syn01100
syn:slr1134	path:syn01100
syn:slr1136	path:syn01100
syn:slr1137	path:syn01100
syn:slr1138	path:syn01100
syn:slr1159	path:syn01100
syn:slr1164	path:syn01100
syn:slr1165	path:syn01100
syn:slr1176	path:syn01100
syn:slr1179	path:syn01100
syn:slr1181	path:syn01100
syn:slr1185	path:syn01100
syn:slr1192	path:syn01100
syn:slr1211	path:syn01100
syn:slr1226	path:syn01100
syn:slr1233	path:syn01100
syn:slr1237	path:syn01100
syn:slr1238	path:syn01100
syn:slr1239	path:syn01100
syn:slr1254	path:syn01100
syn:slr1255	path:syn01100
syn:slr1256	path:syn01100
syn:slr1269	path:syn01100
syn:slr1279	path:syn01100
syn:slr1280	path:syn01100
syn:slr1281	path:syn01100
syn:slr1289	path:syn01100
syn:slr1291	path:syn01100
syn:slr1299	path:syn01100
syn:slr1300	path:syn01100
syn:slr1311	path:syn01100
syn:slr1312	path:syn01100
syn:slr1325	path:syn01100
syn:slr1329	path:syn01100
syn:slr1330	path:syn01100
syn:slr1332	path:syn01100
syn:slr1347	path:syn01100
syn:slr1348	path:syn01100
syn:slr1349	path:syn01100
syn:slr1351	path:syn01100
syn:slr1364	path:syn01100
syn:slr1367	path:syn01100
syn:slr1368	path:syn01100
syn:slr1369	path:syn01100
syn:slr1418	path:syn01100
syn:slr1420	path:syn01100
syn:slr1423	path:syn01100
syn:slr1424	path:syn01100
syn:slr1434	path:syn01100
syn:slr1448	path:syn01100
syn:slr1459	path:syn01100
syn:slr1467	path:syn01100
syn:slr1476	path:syn01100
syn:slr1503	path:syn01100
syn:slr1510	path:syn01100
syn:slr1511	path:syn01100
syn:slr1517	path:syn01100
syn:slr1518	path:syn01100
syn:slr1538	path:syn01100
syn:slr1542	path:syn01100
syn:slr1556	path:syn01100
syn:slr1560	path:syn01100
syn:slr1573	path:syn01100
syn:slr1598	path:syn01100
syn:slr1609	path:syn01100
syn:slr1615	path:syn01100
syn:slr1616	path:syn01100
syn:slr1623	path:syn01100
syn:slr1626	path:syn01100
syn:slr1643	path:syn01100
syn:slr1645	path:syn01100
syn:slr1655	path:syn01100
syn:slr1656	path:syn01100
syn:slr1665	path:syn01100
syn:slr1672	path:syn01100
syn:slr1691	path:syn01100
syn:slr1705	path:syn01100
syn:slr1718	path:syn01100
syn:slr1722	path:syn01100
syn:slr1736	path:syn01100
syn:slr1737	path:syn01100
syn:slr1739	path:syn01100
syn:slr1742	path:syn01100
syn:slr1743	path:syn01100
syn:slr1746	path:syn01100
syn:slr1748	path:syn01100
syn:slr1756	path:syn01100
syn:slr1762	path:syn01100
syn:slr1777	path:syn01100
syn:slr1779	path:syn01100
syn:slr1784	path:syn01100
syn:slr1787	path:syn01100
syn:slr1790	path:syn01100
syn:slr1791	path:syn01100
syn:slr1793	path:syn01100
syn:slr1808	path:syn01100
syn:slr1828	path:syn01100
syn:slr1829	path:syn01100
syn:slr1830	path:syn01100
syn:slr1834	path:syn01100
syn:slr1835	path:syn01100
syn:slr1840	path:syn01100
syn:slr1842	path:syn01100
syn:slr1843	path:syn01100
syn:slr1848	path:syn01100
syn:slr1857	path:syn01100
syn:slr1867	path:syn01100
syn:slr1874	path:syn01100
syn:slr1878	path:syn01100
syn:slr1879	path:syn01100
syn:slr1882	path:syn01100
syn:slr1887	path:syn01100
syn:slr1898	path:syn01100
syn:slr1923	path:syn01100
syn:slr1925	path:syn01100
syn:slr1933	path:syn01100
syn:slr1934	path:syn01100
syn:slr1938	path:syn01100
syn:slr1945	path:syn01100
syn:slr1975	path:syn01100
syn:slr1986	path:syn01100
syn:slr1991	path:syn01100
syn:slr1993	path:syn01100
syn:slr1994	path:syn01100
syn:slr2023	path:syn01100
syn:slr2026	path:syn01100
syn:slr2035	path:syn01100
syn:slr2051	path:syn01100
syn:slr2059	path:syn01100
syn:slr2067	path:syn01100
syn:slr2072	path:syn01100
syn:slr2074	path:syn01100
syn:slr2079	path:syn01100
syn:slr2081	path:syn01100
syn:slr2082	path:syn01100
syn:slr2083	path:syn01100
syn:slr2088	path:syn01100
syn:slr2094	path:syn01100
syn:slr2114	path:syn01100
syn:slr2121	path:syn01100
syn:slr2130	path:syn01100
syn:slr2132	path:syn01100
syn:slr2136	path:syn01100
syn:slr2141	path:syn01100
syn:sml0001	path:syn01100
syn:sml0002	path:syn01100
syn:sml0003	path:syn01100
syn:sml0004	path:syn01100
syn:sml0005	path:syn01100
syn:sml0007	path:syn01100
syn:sml0008	path:syn01100
syn:smr0001	path:syn01100
syn:smr0003	path:syn01100
syn:smr0004	path:syn01100
syn:smr0005	path:syn01100
syn:smr0006	path:syn01100
syn:smr0007	path:syn01100
syn:smr0008	path:syn01100
syn:smr0010	path:syn01100
syn:ssl0020	path:syn01100
syn:ssl0563	path:syn01100
syn:ssl2084	path:syn01100
syn:ssl2153	path:syn01100
syn:ssl2296	path:syn01100
syn:ssl2598	path:syn01100
syn:ssl2615	path:syn01100
syn:ssl3093	path:syn01100
syn:ssr0390	path:syn01100
syn:ssr1386	path:syn01100
syn:ssr2831	path:syn01100
syn:ssr3383	path:syn01100
syn:ssr3451	path:syn01100
syn:sll0006	path:syn01110
syn:sll0017	path:syn01110
syn:sll0018	path:syn01110
syn:sll0019	path:syn01110
syn:sll0033	path:syn01110
syn:sll0045	path:syn01110
syn:sll0053	path:syn01110
syn:sll0065	path:syn01110
syn:sll0080	path:syn01110
syn:sll0109	path:syn01110
syn:sll0147	path:syn01110
syn:sll0158	path:syn01110
syn:sll0166	path:syn01110
syn:sll0171	path:syn01110
syn:sll0179	path:syn01110
syn:sll0207	path:syn01110
syn:sll0254	path:syn01110
syn:sll0300	path:syn01110
syn:sll0329	path:syn01110
syn:sll0336	path:syn01110
syn:sll0356	path:syn01110
syn:sll0373	path:syn01110
syn:sll0378	path:syn01110
syn:sll0401	path:syn01110
syn:sll0402	path:syn01110
syn:sll0404	path:syn01110
syn:sll0409	path:syn01110
syn:sll0418	path:syn01110
syn:sll0421	path:syn01110
syn:sll0422	path:syn01110
syn:sll0455	path:syn01110
syn:sll0461	path:syn01110
syn:sll0469	path:syn01110
syn:sll0480	path:syn01110
syn:sll0504	path:syn01110
syn:sll0506	path:syn01110
syn:sll0513	path:syn01110
syn:sll0542	path:syn01110
syn:sll0578	path:syn01110
syn:sll0585	path:syn01110
syn:sll0587	path:syn01110
syn:sll0593	path:syn01110
syn:sll0603	path:syn01110
syn:sll0659	path:syn01110
syn:sll0711	path:syn01110
syn:sll0712	path:syn01110
syn:sll0726	path:syn01110
syn:sll0728	path:syn01110
syn:sll0735	path:syn01110
syn:sll0741	path:syn01110
syn:sll0745	path:syn01110
syn:sll0757	path:syn01110
syn:sll0807	path:syn01110
syn:sll0817	path:syn01110
syn:sll0823	path:syn01110
syn:sll0842	path:syn01110
syn:sll0891	path:syn01110
syn:sll0892	path:syn01110
syn:sll0900	path:syn01110
syn:sll0901	path:syn01110
syn:sll0902	path:syn01110
syn:sll0927	path:syn01110
syn:sll0934	path:syn01110
syn:sll0936	path:syn01110
syn:sll0945	path:syn01110
syn:sll0990	path:syn01110
syn:sll1023	path:syn01110
syn:sll1027	path:syn01110
syn:sll1056	path:syn01110
syn:sll1058	path:syn01110
syn:sll1059	path:syn01110
syn:sll1070	path:syn01110
syn:sll1085	path:syn01110
syn:sll1091	path:syn01110
syn:sll1108	path:syn01110
syn:sll1112	path:syn01110
syn:sll1127	path:syn01110
syn:sll1172	path:syn01110
syn:sll1184	path:syn01110
syn:sll1185	path:syn01110
syn:sll1189	path:syn01110
syn:sll1196	path:syn01110
syn:sll1214	path:syn01110
syn:sll1249	path:syn01110
syn:sll1275	path:syn01110
syn:sll1282	path:syn01110
syn:sll1329	path:syn01110
syn:sll1342	path:syn01110
syn:sll1349	path:syn01110
syn:sll1356	path:syn01110
syn:sll1363	path:syn01110
syn:sll1370	path:syn01110
syn:sll1383	path:syn01110
syn:sll1393	path:syn01110
syn:sll1395	path:syn01110
syn:sll1444	path:syn01110
syn:sll1459	path:syn01110
syn:sll1468	path:syn01110
syn:sll1470	path:syn01110
syn:sll1479	path:syn01110
syn:sll1496	path:syn01110
syn:sll1538	path:syn01110
syn:sll1556	path:syn01110
syn:sll1557	path:syn01110
syn:sll1558	path:syn01110
syn:sll1561	path:syn01110
syn:sll1564	path:syn01110
syn:sll1625	path:syn01110
syn:sll1641	path:syn01110
syn:sll1653	path:syn01110
syn:sll1662	path:syn01110
syn:sll1669	path:syn01110
syn:sll1676	path:syn01110
syn:sll1688	path:syn01110
syn:sll1721	path:syn01110
syn:sll1747	path:syn01110
syn:sll1760	path:syn01110
syn:sll1797	path:syn01110
syn:sll1815	path:syn01110
syn:sll1831	path:syn01110
syn:sll1841	path:syn01110
syn:sll1848	path:syn01110
syn:sll1852	path:syn01110
syn:sll1874	path:syn01110
syn:sll1875	path:syn01110
syn:sll1876	path:syn01110
syn:sll1883	path:syn01110
syn:sll1893	path:syn01110
syn:sll1894	path:syn01110
syn:sll1898	path:syn01110
syn:sll1899	path:syn01110
syn:sll1908	path:syn01110
syn:sll1931	path:syn01110
syn:sll1945	path:syn01110
syn:sll1958	path:syn01110
syn:sll1973	path:syn01110
syn:sll1981	path:syn01110
syn:sll1987	path:syn01110
syn:sll1994	path:syn01110
syn:sll5079	path:syn01110
syn:slr0009	path:syn01110
syn:slr0012	path:syn01110
syn:slr0018	path:syn01110
syn:slr0032	path:syn01110
syn:slr0049	path:syn01110
syn:slr0054	path:syn01110
syn:slr0055	path:syn01110
syn:slr0056	path:syn01110
syn:slr0066	path:syn01110
syn:slr0084	path:syn01110
syn:slr0088	path:syn01110
syn:slr0089	path:syn01110
syn:slr0091	path:syn01110
syn:slr0116	path:syn01110
syn:slr0121	path:syn01110
syn:slr0186	path:syn01110
syn:slr0194	path:syn01110
syn:slr0201	path:syn01110
syn:slr0204	path:syn01110
syn:slr0212	path:syn01110
syn:slr0237	path:syn01110
syn:slr0293	path:syn01110
syn:slr0301	path:syn01110
syn:slr0306	path:syn01110
syn:slr0329	path:syn01110
syn:slr0348	path:syn01110
syn:slr0394	path:syn01110
syn:slr0435	path:syn01110
syn:slr0444	path:syn01110
syn:slr0452	path:syn01110
syn:slr0458	path:syn01110
syn:slr0477	path:syn01110
syn:slr0492	path:syn01110
syn:slr0493	path:syn01110
syn:slr0500	path:syn01110
syn:slr0506	path:syn01110
syn:slr0519	path:syn01110
syn:slr0520	path:syn01110
syn:slr0525	path:syn01110
syn:slr0526	path:syn01110
syn:slr0536	path:syn01110
syn:slr0543	path:syn01110
syn:slr0546	path:syn01110
syn:slr0549	path:syn01110
syn:slr0550	path:syn01110
syn:slr0585	path:syn01110
syn:slr0597	path:syn01110
syn:slr0608	path:syn01110
syn:slr0611	path:syn01110
syn:slr0652	path:syn01110
syn:slr0657	path:syn01110
syn:slr0661	path:syn01110
syn:slr0662	path:syn01110
syn:slr0665	path:syn01110
syn:slr0682	path:syn01110
syn:slr0738	path:syn01110
syn:slr0739	path:syn01110
syn:slr0749	path:syn01110
syn:slr0750	path:syn01110
syn:slr0752	path:syn01110
syn:slr0772	path:syn01110
syn:slr0783	path:syn01110
syn:slr0817	path:syn01110
syn:slr0836	path:syn01110
syn:slr0838	path:syn01110
syn:slr0839	path:syn01110
syn:slr0861	path:syn01110
syn:slr0879	path:syn01110
syn:slr0884	path:syn01110
syn:slr0886	path:syn01110
syn:slr0905	path:syn01110
syn:slr0926	path:syn01110
syn:slr0940	path:syn01110
syn:slr0942	path:syn01110
syn:slr0943	path:syn01110
syn:slr0951	path:syn01110
syn:slr0952	path:syn01110
syn:slr0953	path:syn01110
syn:slr0966	path:syn01110
syn:slr0985	path:syn01110
syn:slr1019	path:syn01110
syn:slr1022	path:syn01110
syn:slr1030	path:syn01110
syn:slr1051	path:syn01110
syn:slr1055	path:syn01110
syn:slr1096	path:syn01110
syn:slr1099	path:syn01110
syn:slr1124	path:syn01110
syn:slr1133	path:syn01110
syn:slr1159	path:syn01110
syn:slr1165	path:syn01110
syn:slr1176	path:syn01110
syn:slr1192	path:syn01110
syn:slr1226	path:syn01110
syn:slr1233	path:syn01110
syn:slr1254	path:syn01110
syn:slr1255	path:syn01110
syn:slr1289	path:syn01110
syn:slr1300	path:syn01110
syn:slr1312	path:syn01110
syn:slr1348	path:syn01110
syn:slr1349	path:syn01110
syn:slr1367	path:syn01110
syn:slr1369	path:syn01110
syn:slr1448	path:syn01110
syn:slr1510	path:syn01110
syn:slr1517	path:syn01110
syn:slr1518	path:syn01110
syn:slr1542	path:syn01110
syn:slr1560	path:syn01110
syn:slr1665	path:syn01110
syn:slr1722	path:syn01110
syn:slr1736	path:syn01110
syn:slr1737	path:syn01110
syn:slr1743	path:syn01110
syn:slr1755	path:syn01110
syn:slr1762	path:syn01110
syn:slr1777	path:syn01110
syn:slr1784	path:syn01110
syn:slr1790	path:syn01110
syn:slr1793	path:syn01110
syn:slr1808	path:syn01110
syn:slr1840	path:syn01110
syn:slr1842	path:syn01110
syn:slr1843	path:syn01110
syn:slr1848	path:syn01110
syn:slr1857	path:syn01110
syn:slr1867	path:syn01110
syn:slr1882	path:syn01110
syn:slr1887	path:syn01110
syn:slr1898	path:syn01110
syn:slr1933	path:syn01110
syn:slr1934	path:syn01110
syn:slr1945	path:syn01110
syn:slr1993	path:syn01110
syn:slr2023	path:syn01110
syn:slr2035	path:syn01110
syn:slr2072	path:syn01110
syn:slr2074	path:syn01110
syn:slr2081	path:syn01110
syn:slr2088	path:syn01110
syn:slr2089	path:syn01110
syn:slr2094	path:syn01110
syn:slr2130	path:syn01110
syn:slr2136	path:syn01110
syn:ssl2084	path:syn01110
syn:ssl2153	path:syn01110
syn:sll0017	path:syn01120
syn:sll0018	path:syn01120
syn:sll0053	path:syn01120
syn:sll0107	path:syn01120
syn:sll0166	path:syn01120
syn:sll0179	path:syn01120
syn:sll0329	path:syn01120
syn:sll0336	path:syn01120
syn:sll0378	path:syn01120
syn:sll0401	path:syn01120
syn:sll0404	path:syn01120
syn:sll0420	path:syn01120
syn:sll0450	path:syn01120
syn:sll0455	path:syn01120
syn:sll0469	path:syn01120
syn:sll0504	path:syn01120
syn:sll0509	path:syn01120
syn:sll0542	path:syn01120
syn:sll0573	path:syn01120
syn:sll0587	path:syn01120
syn:sll0593	path:syn01120
syn:sll0712	path:syn01120
syn:sll0726	path:syn01120
syn:sll0728	path:syn01120
syn:sll0741	path:syn01120
syn:sll0745	path:syn01120
syn:sll0753	path:syn01120
syn:sll0784	path:syn01120
syn:sll0807	path:syn01120
syn:sll0823	path:syn01120
syn:sll0828	path:syn01120
syn:sll0891	path:syn01120
syn:sll0895	path:syn01120
syn:sll0920	path:syn01120
syn:sll0990	path:syn01120
syn:sll0992	path:syn01120
syn:sll1023	path:syn01120
syn:sll1027	path:syn01120
syn:sll1058	path:syn01120
syn:sll1070	path:syn01120
syn:sll1172	path:syn01120
syn:sll1189	path:syn01120
syn:sll1196	path:syn01120
syn:sll1275	path:syn01120
syn:sll1285	path:syn01120
syn:sll1298	path:syn01120
syn:sll1299	path:syn01120
syn:sll1342	path:syn01120
syn:sll1440	path:syn01120
syn:sll1454	path:syn01120
syn:sll1479	path:syn01120
syn:sll1495	path:syn01120
syn:sll1499	path:syn01120
syn:sll1502	path:syn01120
syn:sll1525	path:syn01120
syn:sll1557	path:syn01120
syn:sll1625	path:syn01120
syn:sll1641	path:syn01120
syn:sll1659	path:syn01120
syn:sll1688	path:syn01120
syn:sll1709	path:syn01120
syn:sll1721	path:syn01120
syn:sll1750	path:syn01120
syn:sll1760	path:syn01120
syn:sll1831	path:syn01120
syn:sll1841	path:syn01120
syn:sll1908	path:syn01120
syn:sll1931	path:syn01120
syn:sll1994	path:syn01120
syn:sll5036	path:syn01120
syn:slr0009	path:syn01120
syn:slr0012	path:syn01120
syn:slr0018	path:syn01120
syn:slr0091	path:syn01120
syn:slr0194	path:syn01120
syn:slr0201	path:syn01120
syn:slr0288	path:syn01120
syn:slr0301	path:syn01120
syn:slr0329	path:syn01120
syn:slr0370	path:syn01120
syn:slr0394	path:syn01120
syn:slr0435	path:syn01120
syn:slr0453	path:syn01120
syn:slr0549	path:syn01120
syn:slr0550	path:syn01120
syn:slr0619	path:syn01120
syn:slr0657	path:syn01120
syn:slr0665	path:syn01120
syn:slr0676	path:syn01120
syn:slr0710	path:syn01120
syn:slr0752	path:syn01120
syn:slr0783	path:syn01120
syn:slr0876	path:syn01120
syn:slr0884	path:syn01120
syn:slr0898	path:syn01120
syn:slr0942	path:syn01120
syn:slr0943	path:syn01120
syn:slr0952	path:syn01120
syn:slr0963	path:syn01120
syn:slr1022	path:syn01120
syn:slr1096	path:syn01120
syn:slr1099	path:syn01120
syn:slr1124	path:syn01120
syn:slr1165	path:syn01120
syn:slr1192	path:syn01120
syn:slr1233	path:syn01120
syn:slr1256	path:syn01120
syn:slr1289	path:syn01120
syn:slr1348	path:syn01120
syn:slr1349	path:syn01120
syn:slr1503	path:syn01120
syn:slr1556	path:syn01120
syn:slr1665	path:syn01120
syn:slr1718	path:syn01120
syn:slr1756	path:syn01120
syn:slr1791	path:syn01120
syn:slr1793	path:syn01120
syn:slr1808	path:syn01120
syn:slr1840	path:syn01120
syn:slr1842	path:syn01120
syn:slr1843	path:syn01120
syn:slr1887	path:syn01120
syn:slr1934	path:syn01120
syn:slr1945	path:syn01120
syn:slr1993	path:syn01120
syn:slr1994	path:syn01120
syn:slr2094	path:syn01120
syn:slr2132	path:syn01120
syn:slr2141	path:syn01120
syn:ssl2153	path:syn01120
syn:sll0018	path:syn01200
syn:sll0053	path:syn01200
syn:sll0107	path:syn01200
syn:sll0171	path:syn01200
syn:sll0329	path:syn01200
syn:sll0336	path:syn01200
syn:sll0401	path:syn01200
syn:sll0469	path:syn01200
syn:sll0542	path:syn01200
syn:sll0573	path:syn01200
syn:sll0587	path:syn01200
syn:sll0593	path:syn01200
syn:sll0712	path:syn01200
syn:sll0728	path:syn01200
syn:sll0741	path:syn01200
syn:sll0745	path:syn01200
syn:sll0753	path:syn01200
syn:sll0807	path:syn01200
syn:sll0823	path:syn01200
syn:sll0891	path:syn01200
syn:sll0920	path:syn01200
syn:sll0990	path:syn01200
syn:sll0992	path:syn01200
syn:sll1023	path:syn01200
syn:sll1070	path:syn01200
syn:sll1196	path:syn01200
syn:sll1275	path:syn01200
syn:sll1299	path:syn01200
syn:sll1342	path:syn01200
syn:sll1479	path:syn01200
syn:sll1525	path:syn01200
syn:sll1557	path:syn01200
syn:sll1625	path:syn01200
syn:sll1709	path:syn01200
syn:sll1721	path:syn01200
syn:sll1841	path:syn01200
syn:sll1908	path:syn01200
syn:sll1931	path:syn01200
syn:slr0009	path:syn01200
syn:slr0012	path:syn01200
syn:slr0018	path:syn01200
syn:slr0194	path:syn01200
syn:slr0201	path:syn01200
syn:slr0293	path:syn01200
syn:slr0301	path:syn01200
syn:slr0329	path:syn01200
syn:slr0394	path:syn01200
syn:slr0435	path:syn01200
syn:slr0665	path:syn01200
syn:slr0721	path:syn01200
syn:slr0752	path:syn01200
syn:slr0783	path:syn01200
syn:slr0879	path:syn01200
syn:slr0884	path:syn01200
syn:slr0943	path:syn01200
syn:slr0952	path:syn01200
syn:slr1096	path:syn01200
syn:slr1124	path:syn01200
syn:slr1233	path:syn01200
syn:slr1289	path:syn01200
syn:slr1348	path:syn01200
syn:slr1349	path:syn01200
syn:slr1793	path:syn01200
syn:slr1842	path:syn01200
syn:slr1843	path:syn01200
syn:slr1934	path:syn01200
syn:slr1945	path:syn01200
syn:slr1993	path:syn01200
syn:slr1994	path:syn01200
syn:slr2072	path:syn01200
syn:slr2094	path:syn01200
syn:slr2132	path:syn01200
syn:slr2141	path:syn01200
syn:ssl2153	path:syn01200
syn:sll0065	path:syn01210
syn:sll0080	path:syn01210
syn:sll0401	path:syn01210
syn:sll0402	path:syn01210
syn:sll1363	path:syn01210
syn:sll1444	path:syn01210
syn:sll1470	path:syn01210
syn:sll1564	path:syn01210
syn:sll1883	path:syn01210
syn:sll1981	path:syn01210
syn:slr0032	path:syn01210
syn:slr0186	path:syn01210
syn:slr0452	path:syn01210
syn:slr0549	path:syn01210
syn:slr0657	path:syn01210
syn:slr0665	path:syn01210
syn:slr1022	path:syn01210
syn:slr1289	path:syn01210
syn:slr1517	path:syn01210
syn:slr1898	path:syn01210
syn:slr2088	path:syn01210
syn:sll0053	path:syn01212
syn:sll0336	path:syn01212
syn:sll0728	path:syn01212
syn:sll1069	path:syn01212
syn:sll1605	path:syn01212
syn:sll5079	path:syn01212
syn:slr0435	path:syn01212
syn:slr0886	path:syn01212
syn:slr1051	path:syn01212
syn:slr1332	path:syn01212
syn:slr1511	path:syn01212
syn:slr1609	path:syn01212
syn:slr1993	path:syn01212
syn:slr2023	path:syn01212
syn:sll0990	path:syn01220
syn:slr0942	path:syn01220
syn:slr1099	path:syn01220
syn:sll0006	path:syn01230
syn:sll0018	path:syn01230
syn:sll0065	path:syn01230
syn:sll0080	path:syn01230
syn:sll0109	path:syn01230
syn:sll0356	path:syn01230
syn:sll0373	path:syn01230
syn:sll0401	path:syn01230
syn:sll0402	path:syn01230
syn:sll0455	path:syn01230
syn:sll0461	path:syn01230
syn:sll0469	path:syn01230
syn:sll0480	path:syn01230
syn:sll0504	path:syn01230
syn:sll0587	path:syn01230
syn:sll0712	path:syn01230
syn:sll0745	path:syn01230
syn:sll0807	path:syn01230
syn:sll0900	path:syn01230
syn:sll0902	path:syn01230
syn:sll0927	path:syn01230
syn:sll0934	path:syn01230
syn:sll1027	path:syn01230
syn:sll1058	path:syn01230
syn:sll1070	path:syn01230
syn:sll1112	path:syn01230
syn:sll1172	path:syn01230
syn:sll1196	path:syn01230
syn:sll1275	path:syn01230
syn:sll1342	path:syn01230
syn:sll1363	path:syn01230
syn:sll1444	path:syn01230
syn:sll1470	path:syn01230
syn:sll1564	path:syn01230
syn:sll1662	path:syn01230
syn:sll1669	path:syn01230
syn:sll1688	path:syn01230
syn:sll1747	path:syn01230
syn:sll1760	path:syn01230
syn:sll1883	path:syn01230
syn:sll1893	path:syn01230
syn:sll1908	path:syn01230
syn:sll1931	path:syn01230
syn:sll1958	path:syn01230
syn:sll1981	path:syn01230
syn:slr0032	path:syn01230
syn:slr0049	path:syn01230
syn:slr0055	path:syn01230
syn:slr0084	path:syn01230
syn:slr0186	path:syn01230
syn:slr0194	path:syn01230
syn:slr0212	path:syn01230
syn:slr0288	path:syn01230
syn:slr0394	path:syn01230
syn:slr0444	path:syn01230
syn:slr0452	path:syn01230
syn:slr0500	path:syn01230
syn:slr0543	path:syn01230
syn:slr0546	path:syn01230
syn:slr0549	path:syn01230
syn:slr0550	path:syn01230
syn:slr0585	path:syn01230
syn:slr0608	path:syn01230
syn:slr0652	path:syn01230
syn:slr0657	path:syn01230
syn:slr0661	path:syn01230
syn:slr0665	path:syn01230
syn:slr0682	path:syn01230
syn:slr0738	path:syn01230
syn:slr0752	path:syn01230
syn:slr0783	path:syn01230
syn:slr0884	path:syn01230
syn:slr0943	path:syn01230
syn:slr0966	path:syn01230
syn:slr1022	path:syn01230
syn:slr1124	path:syn01230
syn:slr1133	path:syn01230
syn:slr1289	path:syn01230
syn:slr1348	path:syn01230
syn:slr1517	path:syn01230
syn:slr1560	path:syn01230
syn:slr1665	path:syn01230
syn:slr1756	path:syn01230
syn:slr1793	path:syn01230
syn:slr1842	path:syn01230
syn:slr1848	path:syn01230
syn:slr1867	path:syn01230
syn:slr1898	path:syn01230
syn:slr1945	path:syn01230
syn:slr2035	path:syn01230
syn:slr2072	path:syn01230
syn:slr2088	path:syn01230
syn:slr2130	path:syn01230
syn:ssl2153	path:syn01230
syn:sll0144	path:syn01232
syn:sll0368	path:syn01232
syn:sll0398	path:syn01232
syn:sll0421	path:syn01232
syn:sll0905	path:syn01232
syn:sll1035	path:syn01232
syn:sll1059	path:syn01232
syn:sll1108	path:syn01232
syn:sll1249	path:syn01232
syn:sll1258	path:syn01232
syn:sll1430	path:syn01232
syn:sll1443	path:syn01232
syn:sll1459	path:syn01232
syn:sll1635	path:syn01232
syn:sll1815	path:syn01232
syn:sll1823	path:syn01232
syn:sll1852	path:syn01232
syn:slr0213	path:syn01232
syn:slr0306	path:syn01232
syn:slr0379	path:syn01232
syn:slr0402	path:syn01232
syn:slr0591	path:syn01232
syn:slr1123	path:syn01232
syn:slr1164	path:syn01232
syn:slr1237	path:syn01232
syn:slr1573	path:syn01232
syn:slr1722	path:syn01232
syn:sll0017	path:syn01240
syn:sll0037	path:syn01240
syn:sll0099	path:syn01240
syn:sll0144	path:syn01240
syn:sll0166	path:syn01240
syn:sll0179	path:syn01240
syn:sll0250	path:syn01240
syn:sll0300	path:syn01240
syn:sll0370	path:syn01240
syn:sll0378	path:syn01240
syn:sll0409	path:syn01240
syn:sll0418	path:syn01240
syn:sll0421	path:syn01240
syn:sll0603	path:syn01240
syn:sll0622	path:syn01240
syn:sll0631	path:syn01240
syn:sll0635	path:syn01240
syn:sll0704	path:syn01240
syn:sll0744	path:syn01240
syn:sll0753	path:syn01240
syn:sll0794	path:syn01240
syn:sll0809	path:syn01240
syn:sll0838	path:syn01240
syn:sll0868	path:syn01240
syn:sll0892	path:syn01240
syn:sll0916	path:syn01240
syn:sll0927	path:syn01240
syn:sll0936	path:syn01240
syn:sll1018	path:syn01240
syn:sll1059	path:syn01240
syn:sll1069	path:syn01240
syn:sll1127	path:syn01240
syn:sll1185	path:syn01240
syn:sll1249	path:syn01240
syn:sll1282	path:syn01240
syn:sll1285	path:syn01240
syn:sll1415	path:syn01240
syn:sll1440	path:syn01240
syn:sll1443	path:syn01240
syn:sll1498	path:syn01240
syn:sll1501	path:syn01240
syn:sll1558	path:syn01240
syn:sll1605	path:syn01240
syn:sll1612	path:syn01240
syn:sll1653	path:syn01240
syn:sll1659	path:syn01240
syn:sll1797	path:syn01240
syn:sll1815	path:syn01240
syn:sll1823	path:syn01240
syn:sll1852	path:syn01240
syn:sll1876	path:syn01240
syn:sll1890	path:syn01240
syn:sll1894	path:syn01240
syn:sll1898	path:syn01240
syn:sll1899	path:syn01240
syn:sll1916	path:syn01240
syn:sll1931	path:syn01240
syn:sll1994	path:syn01240
syn:sll5079	path:syn01240
syn:slr0032	path:syn01240
syn:slr0066	path:syn01240
syn:slr0078	path:syn01240
syn:slr0089	path:syn01240
syn:slr0090	path:syn01240
syn:slr0091	path:syn01240
syn:slr0118	path:syn01240
syn:slr0185	path:syn01240
syn:slr0204	path:syn01240
syn:slr0216	path:syn01240
syn:slr0239	path:syn01240
syn:slr0252	path:syn01240
syn:slr0260	path:syn01240
syn:slr0355	path:syn01240
syn:slr0387	path:syn01240
syn:slr0400	path:syn01240
syn:slr0406	path:syn01240
syn:slr0426	path:syn01240
syn:slr0492	path:syn01240
syn:slr0493	path:syn01240
syn:slr0523	path:syn01240
syn:slr0526	path:syn01240
syn:slr0536	path:syn01240
syn:slr0553	path:syn01240
syn:slr0618	path:syn01240
syn:slr0633	path:syn01240
syn:slr0636	path:syn01240
syn:slr0812	path:syn01240
syn:slr0817	path:syn01240
syn:slr0839	path:syn01240
syn:slr0847	path:syn01240
syn:slr0886	path:syn01240
syn:slr0887	path:syn01240
syn:slr0900	path:syn01240
syn:slr0901	path:syn01240
syn:slr0902	path:syn01240
syn:slr0903	path:syn01240
syn:slr0917	path:syn01240
syn:slr0926	path:syn01240
syn:slr0936	path:syn01240
syn:slr0942	path:syn01240
syn:slr0969	path:syn01240
syn:slr0994	path:syn01240
syn:slr1051	path:syn01240
syn:slr1093	path:syn01240
syn:slr1096	path:syn01240
syn:slr1099	path:syn01240
syn:slr1211	path:syn01240
syn:slr1238	path:syn01240
syn:slr1299	path:syn01240
syn:slr1300	path:syn01240
syn:slr1332	path:syn01240
syn:slr1364	path:syn01240
syn:slr1368	path:syn01240
syn:slr1418	path:syn01240
syn:slr1467	path:syn01240
syn:slr1476	path:syn01240
syn:slr1518	path:syn01240
syn:slr1538	path:syn01240
syn:slr1598	path:syn01240
syn:slr1616	path:syn01240
syn:slr1626	path:syn01240
syn:slr1691	path:syn01240
syn:slr1718	path:syn01240
syn:slr1736	path:syn01240
syn:slr1737	path:syn01240
syn:slr1743	path:syn01240
syn:slr1748	path:syn01240
syn:slr1779	path:syn01240
syn:slr1787	path:syn01240
syn:slr1790	path:syn01240
syn:slr1808	path:syn01240
syn:slr1879	path:syn01240
syn:slr1882	path:syn01240
syn:slr1887	path:syn01240
syn:slr1925	path:syn01240
syn:slr1979	path:syn01240
syn:slr2026	path:syn01240
syn:slr2121	path:syn01240
syn:sll0083	path:syn01250
syn:sll0084	path:syn01250
syn:sll0207	path:syn01250
syn:sll0220	path:syn01250
syn:sll0244	path:syn01250
syn:sll0593	path:syn01250
syn:sll0726	path:syn01250
syn:sll0899	path:syn01250
syn:sll1212	path:syn01250
syn:sll1213	path:syn01250
syn:sll1370	path:syn01250
syn:sll1395	path:syn01250
syn:sll1558	path:syn01250
syn:sll1758	path:syn01250
syn:slr0017	path:syn01250
syn:slr0329	path:syn01250
syn:slr0493	path:syn01250
syn:slr0624	path:syn01250
syn:slr0809	path:syn01250
syn:slr0836	path:syn01250
syn:slr0862	path:syn01250
syn:slr0983	path:syn01250
syn:slr0984	path:syn01250
syn:slr0985	path:syn01250
syn:slr1020	path:syn01250
syn:slr1067	path:syn01250
syn:slr1072	path:syn01250
syn:slr1078	path:syn01250
syn:slr1176	path:syn01250
syn:slr1179	path:syn01250
syn:slr1299	path:syn01250
syn:slr1349	path:syn01250
syn:slr1424	path:syn01250
syn:slr1448	path:syn01250
syn:slr1615	path:syn01250
syn:slr1933	path:syn01250
syn:slr2074	path:syn01250
syn:slr2114	path:syn01250
syn:sll0002	path:syn01501
syn:sll1833	path:syn01501
syn:slr0121	path:syn01501
syn:slr0319	path:syn01501
syn:sll0034	path:syn01502
syn:sll0657	path:syn01502
syn:slr0827	path:syn01502
syn:slr1351	path:syn01502
syn:slr1656	path:syn01502
syn:slr1679	path:syn01502
syn:slr1874	path:syn01502
syn:sll0379	path:syn01503
syn:slr0891	path:syn01503
syn:slr1744	path:syn01503
syn:slr1910	path:syn01503
syn:sll0146	path:syn02010
syn:sll0182	path:syn02010
syn:sll0237	path:syn02010
syn:sll0238	path:syn02010
syn:sll0240	path:syn02010
syn:sll0374	path:syn02010
syn:sll0382	path:syn02010
syn:sll0383	path:syn02010
syn:sll0384	path:syn02010
syn:sll0385	path:syn02010
syn:sll0496	path:syn02010
syn:sll0540	path:syn02010
syn:sll0574	path:syn02010
syn:sll0575	path:syn02010
syn:sll0679	path:syn02010
syn:sll0680	path:syn02010
syn:sll0681	path:syn02010
syn:sll0682	path:syn02010
syn:sll0683	path:syn02010
syn:sll0684	path:syn02010
syn:sll0738	path:syn02010
syn:sll0739	path:syn02010
syn:sll0751	path:syn02010
syn:sll0752	path:syn02010
syn:sll0764	path:syn02010
syn:sll1001	path:syn02010
syn:sll1002	path:syn02010
syn:sll1041	path:syn02010
syn:sll1180	path:syn02010
syn:sll1270	path:syn02010
syn:sll1450	path:syn02010
syn:sll1451	path:syn02010
syn:sll1452	path:syn02010
syn:sll1453	path:syn02010
syn:sll1598	path:syn02010
syn:sll1599	path:syn02010
syn:sll1600	path:syn02010
syn:sll1623	path:syn02010
syn:sll1878	path:syn02010
syn:slr0040	path:syn02010
syn:slr0041	path:syn02010
syn:slr0043	path:syn02010
syn:slr0044	path:syn02010
syn:slr0251	path:syn02010
syn:slr0327	path:syn02010
syn:slr0354	path:syn02010
syn:slr0447	path:syn02010
syn:slr0467	path:syn02010
syn:slr0513	path:syn02010
syn:slr0529	path:syn02010
syn:slr0530	path:syn02010
syn:slr0531	path:syn02010
syn:slr0559	path:syn02010
syn:slr0615	path:syn02010
syn:slr0747	path:syn02010
syn:slr0882	path:syn02010
syn:slr0949	path:syn02010
syn:slr0977	path:syn02010
syn:slr0982	path:syn02010
syn:slr1045	path:syn02010
syn:slr1149	path:syn02010
syn:slr1200	path:syn02010
syn:slr1201	path:syn02010
syn:slr1202	path:syn02010
syn:slr1224	path:syn02010
syn:slr1247	path:syn02010
syn:slr1248	path:syn02010
syn:slr1249	path:syn02010
syn:slr1250	path:syn02010
syn:slr1295	path:syn02010
syn:slr1344	path:syn02010
syn:slr1365	path:syn02010
syn:slr1452	path:syn02010
syn:slr1453	path:syn02010
syn:slr1454	path:syn02010
syn:slr1455	path:syn02010
syn:slr1723	path:syn02010
syn:slr1735	path:syn02010
syn:slr1881	path:syn02010
syn:slr1897	path:syn02010
syn:slr1978	path:syn02010
syn:slr2043	path:syn02010
syn:slr2044	path:syn02010
syn:slr2045	path:syn02010
syn:slr2107	path:syn02010
syn:slr2108	path:syn02010
syn:sll0034	path:syn02020
syn:sll0038	path:syn02020
syn:sll0039	path:syn02020
syn:sll0040	path:syn02020
syn:sll0041	path:syn02020
syn:sll0043	path:syn02020
syn:sll0337	path:syn02020
syn:sll0540	path:syn02020
syn:sll0679	path:syn02020
syn:sll0680	path:syn02020
syn:sll0698	path:syn02020
syn:sll0750	path:syn02020
syn:sll0797	path:syn02020
syn:sll0798	path:syn02020
syn:sll0848	path:syn02020
syn:sll1291	path:syn02020
syn:sll1292	path:syn02020
syn:sll1293	path:syn02020
syn:sll1294	path:syn02020
syn:sll1371	path:syn02020
syn:sll1581	path:syn02020
syn:sll1598	path:syn02020
syn:sll1599	path:syn02020
syn:sll1600	path:syn02020
syn:sll1694	path:syn02020
syn:sll1695	path:syn02020
syn:sll1898	path:syn02020
syn:slr0081	path:syn02020
syn:slr0115	path:syn02020
syn:slr0288	path:syn02020
syn:slr0328	path:syn02020
syn:slr0473	path:syn02020
syn:slr0474	path:syn02020
syn:slr0624	path:syn02020
syn:slr0640	path:syn02020
syn:slr0721	path:syn02020
syn:slr0793	path:syn02020
syn:slr0794	path:syn02020
syn:slr0795	path:syn02020
syn:slr0796	path:syn02020
syn:slr0897	path:syn02020
syn:slr0947	path:syn02020
syn:slr1041	path:syn02020
syn:slr1042	path:syn02020
syn:slr1043	path:syn02020
syn:slr1044	path:syn02020
syn:slr1214	path:syn02020
syn:slr1247	path:syn02020
syn:slr1350	path:syn02020
syn:slr1379	path:syn02020
syn:slr1380	path:syn02020
syn:slr1456	path:syn02020
syn:slr1679	path:syn02020
syn:slr1728	path:syn02020
syn:slr1729	path:syn02020
syn:slr1730	path:syn02020
syn:slr1731	path:syn02020
syn:slr1756	path:syn02020
syn:slr1837	path:syn02020
syn:slr1969	path:syn02020
syn:slr1993	path:syn02020
syn:slr2079	path:syn02020
syn:ssl0707	path:syn02020
syn:sll0312	path:syn02024
syn:sll0616	path:syn02024
syn:sll0833	path:syn02024
syn:sll1371	path:syn02024
syn:sll1641	path:syn02024
syn:sll1699	path:syn02024
syn:sll1768	path:syn02024
syn:sll1814	path:syn02024
syn:sll1927	path:syn02024
syn:slr0055	path:syn02024
syn:slr0066	path:syn02024
syn:slr0324	path:syn02024
syn:slr0401	path:syn02024
syn:slr0535	path:syn02024
syn:slr0738	path:syn02024
syn:slr1019	path:syn02024
syn:slr1471	path:syn02024
syn:slr1531	path:syn02024
syn:slr1609	path:syn02024
syn:slr1740	path:syn02024
syn:slr2102	path:syn02024
syn:ssl3335	path:syn02024
syn:ssr3307	path:syn02024
syn:ssr3341	path:syn02024
syn:rrn16Sa	path:syn03010
syn:rrn16Sb	path:syn03010
syn:rrn23Sa	path:syn03010
syn:rrn23Sb	path:syn03010
syn:rrn5Sa	path:syn03010
syn:rrn5Sb	path:syn03010
syn:sll0767	path:syn03010
syn:sll1096	path:syn03010
syn:sll1097	path:syn03010
syn:sll1101	path:syn03010
syn:sll1244	path:syn03010
syn:sll1260	path:syn03010
syn:sll1740	path:syn03010
syn:sll1743	path:syn03010
syn:sll1744	path:syn03010
syn:sll1745	path:syn03010
syn:sll1746	path:syn03010
syn:sll1767	path:syn03010
syn:sll1799	path:syn03010
syn:sll1800	path:syn03010
syn:sll1801	path:syn03010
syn:sll1802	path:syn03010
syn:sll1803	path:syn03010
syn:sll1804	path:syn03010
syn:sll1805	path:syn03010
syn:sll1806	path:syn03010
syn:sll1807	path:syn03010
syn:sll1808	path:syn03010
syn:sll1809	path:syn03010
syn:sll1810	path:syn03010
syn:sll1811	path:syn03010
syn:sll1812	path:syn03010
syn:sll1813	path:syn03010
syn:sll1816	path:syn03010
syn:sll1817	path:syn03010
syn:sll1819	path:syn03010
syn:sll1821	path:syn03010
syn:sll1822	path:syn03010
syn:sll1824	path:syn03010
syn:slr0469	path:syn03010
syn:slr0628	path:syn03010
syn:slr1356	path:syn03010
syn:slr1678	path:syn03010
syn:slr1984	path:syn03010
syn:sml0006	path:syn03010
syn:smr0011	path:syn03010
syn:ssl0601	path:syn03010
syn:ssl1426	path:syn03010
syn:ssl1784	path:syn03010
syn:ssl2233	path:syn03010
syn:ssl3432	path:syn03010
syn:ssl3436	path:syn03010
syn:ssl3437	path:syn03010
syn:ssl3445	path:syn03010
syn:ssr0482	path:syn03010
syn:ssr1398	path:syn03010
syn:ssr1399	path:syn03010
syn:ssr1604	path:syn03010
syn:ssr1736	path:syn03010
syn:ssr2799	path:syn03010
syn:sll0058	path:syn03018
syn:sll0170	path:syn03018
syn:sll0290	path:syn03018
syn:sll0416	path:syn03018
syn:sll1043	path:syn03018
syn:sll1910	path:syn03018
syn:sll1932	path:syn03018
syn:slr0083	path:syn03018
syn:slr0551	path:syn03018
syn:slr0752	path:syn03018
syn:slr1129	path:syn03018
syn:slr1536	path:syn03018
syn:slr2076	path:syn03018
syn:ssr3341	path:syn03018
syn:sll1787	path:syn03020
syn:sll1789	path:syn03020
syn:sll1818	path:syn03020
syn:slr1265	path:syn03020
syn:ssl2982	path:syn03020
syn:sll0544	path:syn03030
syn:sll1209	path:syn03030
syn:sll1360	path:syn03030
syn:sll1572	path:syn03030
syn:sll1868	path:syn03030
syn:slr0080	path:syn03030
syn:slr0446	path:syn03030
syn:slr0603	path:syn03030
syn:slr0833	path:syn03030
syn:slr0925	path:syn03030
syn:slr0965	path:syn03030
syn:slr1130	path:syn03030
syn:sll0194	path:syn03060
syn:sll0616	path:syn03060
syn:sll0716	path:syn03060
syn:sll1814	path:syn03060
syn:slr0774	path:syn03060
syn:slr0775	path:syn03060
syn:slr1046	path:syn03060
syn:slr1366	path:syn03060
syn:slr1377	path:syn03060
syn:slr1471	path:syn03060
syn:slr1531	path:syn03060
syn:slr2102	path:syn03060
syn:ssl2823	path:syn03060
syn:ssl3335	path:syn03060
syn:ssr3307	path:syn03060
syn:sll0194	path:syn03070
syn:sll0616	path:syn03070
syn:sll1180	path:syn03070
syn:sll1181	path:syn03070
syn:sll1814	path:syn03070
syn:slr0774	path:syn03070
syn:slr0775	path:syn03070
syn:slr1046	path:syn03070
syn:slr1471	path:syn03070
syn:slr1531	path:syn03070
syn:slr2102	path:syn03070
syn:ssl2823	path:syn03070
syn:ssl3335	path:syn03070
syn:ssr3307	path:syn03070
syn:sll1209	path:syn03410
syn:sll1354	path:syn03410
syn:sll1854	path:syn03410
syn:slr0231	path:syn03410
syn:slr1689	path:syn03410
syn:slr1822	path:syn03410
syn:sll0377	path:syn03420
syn:sll0459	path:syn03420
syn:sll0865	path:syn03420
syn:sll1121	path:syn03420
syn:sll1143	path:syn03420
syn:sll1209	path:syn03420
syn:slr1844	path:syn03420
syn:sll0544	path:syn03430
syn:sll0729	path:syn03430
syn:sll1121	path:syn03430
syn:sll1143	path:syn03430
syn:sll1165	path:syn03430
syn:sll1209	path:syn03430
syn:sll1354	path:syn03430
syn:sll1360	path:syn03430
syn:sll1572	path:syn03430
syn:sll1772	path:syn03430
syn:slr0446	path:syn03430
syn:slr0603	path:syn03430
syn:slr0925	path:syn03430
syn:slr0965	path:syn03430
syn:slr1199	path:syn03430
syn:slr1803	path:syn03430
syn:sll0270	path:syn03440
syn:sll0544	path:syn03440
syn:sll0569	path:syn03440
syn:sll0613	path:syn03440
syn:sll0876	path:syn03440
syn:sll0896	path:syn03440
syn:sll1277	path:syn03440
syn:sll1354	path:syn03440
syn:sll1360	path:syn03440
syn:sll1572	path:syn03440
syn:sll7106	path:syn03440
syn:slr0020	path:syn03440
syn:slr0181	path:syn03440
syn:slr0446	path:syn03440
syn:slr0603	path:syn03440
syn:slr0925	path:syn03440
syn:slr0965	path:syn03440
syn:slr1426	path:syn03440
syn:sll0704	path:syn04122
syn:sll0844	path:syn04122
syn:sll1536	path:syn04122
syn:slr0387	path:syn04122
syn:slr0821	path:syn04122
syn:slr0901	path:syn04122
syn:slr0902	path:syn04122
syn:slr0903	path:syn04122
syn:ssr0102	path:syn04122
syn:ssr1527	path:syn04122
